OBJECTID,ACCIDENTNUM,ACCIDENTDATE,ACCIDENT_YEAR,ACCIDENT_MONTH,ACCIDENT_DAY,ACCIDENT_HOUR,ACCIDENT_MINUTE,ACCIDENT_SECOND,ACCIDENT_WEEKDAY,XCOORD,YCOORD,LONGITUDE,LATITUDE,ACCIDENTLOCATION,COLLISIONTYPE,CLASSIFICATIONOFACCIDENT,IMPACTLOCATION,INITIALDIRECTIONOFTRAVELONE,INITIALDIRECTIONOFTRAVELTWO,INITIALIMPACTTYPE,INTTRAFFICCONTROL,LIGHT,LIGHTFORREPORT,ROADJURISDICTION,TRAFFICCONTROL,TRAFFICCONTROLCONDITION,THRULANENO,NORTHBOUNDDISOBEYCOUNT,SOUTHBOUNDDISOBEYCOUNT,PEDESTRIANINVOLVED,CYCLISTINVOLVED,MOTORCYCLISTINVOLVED,ENVIRONMENTCONDITION1,ENVIRONMENTCONDITION2,SELFREPORTED,XMLIMPORTNOTES,LASTEDITEDDATE,CREATE_BY,CREATE_DATE
45617,16-207014,1474293000000,2016,9,19,13,50,0,Monday,540266.35752,4811529.07266,-80.502296,43.455594,Non intersection,2,Non-reportable,Thru lane,unknown,unknown,SMV unattended vehicle,Unknown,Daylight,01 - Daylight,Municipal (excl. Twp. Rd.),No control,unknown,0,0,0,False,False,False,Clear,,False,LOUISA ST; MOORE AVE; 50 M,3/4/2020 10:07:29 AM,,
45618,16-207177,1474301700000,2016,9,19,16,15,0,Monday,541226.11718,4811865.96545,-80.490408,43.458574999999996,Intersection related,2,P.D. only,Thru lane,unknown,unknown,Rear end,Unknown,Daylight,01 - Daylight,Municipal (excl. Twp. Rd.),Traffic signal,Functioning,0,0,0,False,False,False,Clear,,False,WELLINGTON ST N; MARGARET AVE; At,3/4/2020 10:07:28 AM,,
45619,16-207647,1474365960000,2016,9,20,10,6,0,Tuesday,545434.4954,4808343.04887,-80.438684,43.426611,At intersection,1,Non-fatal injury,Within intersection,unknown,unknown,SMV other,Unknown,Daylight,01 - Daylight,Municipal (excl. Twp. Rd.),Stop sign,Functioning,0,0,0,True,False,False,Clear,,False,KINGSWAY DR; CEDARWOODS CRES; 5 M,3/4/2020 10:07:28 AM,,
45620,16-207949,1474389540000,2016,9,20,16,39,0,Tuesday,543344.44385,4807354.35472,-80.46458299999999,43.417832999999995,At/near private drive,1,Non-fatal injury,Thru lane,unknown,unknown,Other,Unknown,Daylight,01 - Daylight,Municipal (excl. Twp. Rd.),No control,unknown,0,0,0,False,False,False,Clear,,False,FALLOWFIELD DR; FALLOWFIELD DR ; At; 4 M,3/4/2020 10:07:27 AM,,
45621,16-207976,1474391400000,2016,9,20,17,10,0,Tuesday,542495.93638,4812516.15583,-80.474662,43.464358,Non intersection,1,Non-fatal injury,Thru lane,unknown,unknown,Turning movement,Unknown,Daylight,01 - Daylight,Municipal (excl. Twp. Rd.),No control,unknown,0,0,0,False,False,False,Clear,,False,WELLINGTON ST N; WELLINGTON ST N; 15 M,3/4/2020 10:07:26 AM,,
45622,16-208117,1474404000000,2016,9,20,20,40,0,Tuesday,540528.5732,4809292.05319,-80.49922099999999,43.435437,Non intersection,2,Non-reportable,Thru lane,unknown,unknown,SMV unattended vehicle,Unknown,"Dark, artificial","08 - Dark, artificial",Municipal (excl. Twp. Rd.),No control,unknown,0,0,0,False,False,False,Clear,,False,PERTH RD; PERTH RD; 1 M,3/4/2020 10:07:25 AM,,
45623,16-208560,1474447500000,2016,9,21,8,45,0,Wednesday,539986.94065,4810973.88928,-80.50578999999999,43.45061,Non intersection,2,P.D. only,Thru lane,unknown,unknown,SMV other,Unknown,Daylight,01 - Daylight,Municipal (excl. Twp. Rd.),No control,unknown,0,0,0,False,False,False,Clear,,False,PARK ST; PARK ST; Near,3/4/2020 10:07:25 AM,,
45624,16-208795,1474471800000,2016,9,21,15,30,0,Wednesday,541347.19013,4809264.87162,-80.489109,43.435148,At/near private drive,2,P.D. only,Thru lane,unknown,unknown,SMV unattended vehicle,Unknown,Daylight,01 - Daylight,Municipal (excl. Twp. Rd.),No control,unknown,0,0,0,False,False,False,Clear,,False,CHARLES BEST PL; CHARLES BEST PL,3/4/2020 10:07:24 AM,,
45625,16-208827,1474476600000,2016,9,21,16,50,0,Wednesday,540794.32133,4809158.90863,-80.495948,43.434224,At/near private drive,2,P.D. only,Thru lane,unknown,unknown,Turning movement,Unknown,Daylight,01 - Daylight,Municipal (excl. Twp. Rd.),No control,unknown,0,0,0,False,False,False,Clear,,False,STIRLING AVE S; STIRLING AVE ; At,3/4/2020 10:07:23 AM,,
45626,16-208958,1474492080000,2016,9,21,21,8,0,Wednesday,541523.08372,4808689.2488,-80.48697899999999,43.429955,Non intersection,1,Non-fatal injury,Thru lane,unknown,unknown,SMV unattended vehicle,Unknown,Dark,07 - Dark,Regional municipality,Stop sign,Functioning,0,0,0,False,False,False,Clear,,False,HOFFMAN ST; HIGHLAND RD E; 60 M,3/4/2020 10:07:23 AM,,
45627,16-209205,1474531080000,2016,9,22,7,58,0,Thursday,540641.2089,4811701.59462,-80.49765,43.457127,At intersection,1,Non-fatal injury,Within intersection,unknown,unknown,Angle,Unknown,Daylight,01 - Daylight,Municipal (excl. Twp. Rd.),Stop sign,Functioning,0,0,0,False,False,False,Clear,,False,LOUISA ST; DUKE ST W,3/4/2020 10:07:22 AM,,
45628,16-209519,1474555320000,2016,9,22,14,42,0,Thursday,538677.75238,4807860.76708,-80.52219099999999,43.422647999999995,Non intersection,2,P.D. only,Not on roadway - right side,unknown,unknown,SMV other,Unknown,Daylight,01 - Daylight,Municipal (excl. Twp. Rd.),No control,unknown,0,0,0,False,False,False,Clear,,False,ELM RIDGE DR; ELM RIDGE DR; Near; 5 M,3/4/2020 10:07:21 AM,,
45629,16-210060,1474572600000,2016,9,22,19,30,0,Thursday,540440.79482,4809740.41827,-80.50027299999999,43.439479,Non intersection,2,P.D. only,Thru lane,unknown,unknown,SMV unattended vehicle,Unknown,Dark,07 - Dark,Municipal (excl. Twp. Rd.),No control,unknown,0,0,0,False,False,False,Clear,,False,GARDEN AVE; SPADINA RD W,3/4/2020 10:07:21 AM,,
45630,16-210242,1474632300000,2016,9,23,12,5,0,Friday,545233.53347,4808099.59238,-80.441187,43.424431,Intersection related,2,Non-reportable,Thru lane,unknown,unknown,Rear end,Unknown,Daylight,01 - Daylight,Municipal (excl. Twp. Rd.),Stop sign,Functioning,0,0,0,False,False,False,Clear,,False,GREENFIELD AVE; KINGSWAY DR,3/4/2020 10:07:20 AM,,
45631,16-210364,1474474200000,2016,9,21,16,10,0,Wednesday,543231.00021,4809049.99702,-80.46585,43.433107,At/near private drive,2,P.D. only,Thru lane,unknown,unknown,SMV unattended vehicle,Unknown,Daylight,01 - Daylight,Regional municipality,No control,unknown,0,0,0,False,False,False,Clear,,False,CARWOOD AVE; CARWOOD AVE ; At,3/4/2020 10:07:19 AM,,
45632,16-210467,1474648980000,2016,9,23,16,43,0,Friday,541556.32138,4811282.45881,-80.48637099999999,43.453303,At intersection,2,P.D. only,Within intersection,unknown,unknown,Angle,Unknown,Daylight,01 - Daylight,Municipal (excl. Twp. Rd.),Stop sign,Functioning,0,0,0,False,False,False,Clear,,False,QUEEN ST N; AHRENS ST E,3/7/2019 1:21:44 PM,,
45633,16-211080,1474712100000,2016,9,24,10,15,0,Saturday,542582.09722,4810126.57079,-80.473783,43.442837,Intersection related,1,Non-fatal injury,Left turn lane,unknown,unknown,SMV other,Unknown,Daylight,01 - Daylight,Regional municipality,Traffic signal,Functioning,0,0,0,True,False,False,Clear,,False,BORDEN AVE S; KING ST E; 1 M,3/4/2020 10:07:19 AM,,
45634,16-211353,1474728540000,2016,9,24,14,49,0,Saturday,549406.19632,4806019.42025,-80.389828,43.405438,At/near private drive,2,P.D. only,Thru lane,unknown,unknown,Turning movement,Unknown,Daylight,01 - Daylight,Municipal (excl. Twp. Rd.),No control,unknown,0,0,0,False,False,False,Clear,,False,TU LANE ST; KING ST E; Near; 10 M,3/4/2020 10:07:18 AM,,
45635,16-211370,1474730160000,2016,9,24,15,16,0,Saturday,542269.36665,4806934.32001,-80.47789499999999,43.414111999999996,At/near private drive,1,Non-fatal injury,Thru lane,unknown,unknown,Angle,Unknown,Daylight,01 - Daylight,Regional municipality,Stop sign,Functioning,0,0,0,False,False,True,Clear,,False,BLOCK LINE RD ; 700 STRASBURG RD ; 200 M,3/4/2020 10:07:17 AM,,
45636,16-211682,1474754040000,2016,9,24,21,54,0,Saturday,542313.95723,4810287.89078,-80.47708399999999,43.444305,Intersection related,2,P.D. only,Right turn lane,unknown,unknown,Rear end,Unknown,"Dark, artificial","08 - Dark, artificial",Regional municipality,Traffic signal,Functioning,0,1,0,False,False,False,Clear,,False,STIRLING AVE S; KING ST E,3/4/2020 10:07:17 AM,,
45637,16-211798,1474761060000,2016,9,24,23,51,0,Saturday,546030.57207,4804903.72571,-80.43160999999999,43.395607,At/near private drive,2,P.D. only,Thru lane,unknown,unknown,Turning movement,Unknown,"Dark, artificial","08 - Dark, artificial",Municipal (excl. Twp. Rd.),No control,unknown,0,0,0,False,False,False,Clear,,False,PIONEER DR ; PIONEER DR; Near; 50 M,3/4/2020 10:07:16 AM,,
45638,16-212138,1474786800000,2016,9,25,7,0,0,Sunday,542361.03389,4810520.37491,-80.476484,43.446396,At/near private drive,2,Non-reportable,Right shoulder,unknown,unknown,SMV unattended vehicle,Unknown,"Dark, artificial","08 - Dark, artificial",Municipal (excl. Twp. Rd.),No control,unknown,0,0,0,False,False,False,Clear,,False,FAIRVIEW AVE; FAIRVIEW AVE ; 1 M,3/4/2020 10:07:15 AM,,
45639,16-212185,1474806600000,2016,9,25,12,30,0,Sunday,540729.4269,4806358.79236,-80.49695799999999,43.409015,Non intersection,2,P.D. only,Thru lane,unknown,unknown,SMV unattended vehicle,Unknown,Daylight,01 - Daylight,Municipal (excl. Twp. Rd.),No control,unknown,0,0,0,False,False,False,Clear,,False,ERINBROOK DR; TILLSLEY DR; 25 M,3/4/2020 10:07:14 AM,,
45640,16-212682,1474822200000,2016,9,25,16,50,0,Sunday,539959.60331,4806814.339,-80.506433,43.413157999999996,At/near private drive,2,P.D. only,Right shoulder,unknown,unknown,SMV unattended vehicle,Unknown,Daylight,01 - Daylight,Municipal (excl. Twp. Rd.),No control,unknown,0,0,0,False,False,False,Clear,,False,DINISON CRES; DINISON CRES,3/4/2020 10:07:14 AM,,
45641,16-212730,1474883400000,2016,9,26,9,50,0,Monday,539263.41769,4810014.44648,-80.51480099999999,43.442009,At/near private drive,2,Non-reportable,Thru lane,unknown,unknown,Other,Unknown,Daylight,01 - Daylight,Municipal (excl. Twp. Rd.),No control,unknown,0,0,0,False,False,False,Clear,,False,LAWRENCE AVE ; VICTORIA ST S; Near; 10 M,3/4/2020 10:07:13 AM,,
45642,16-212732,1474883460000,2016,9,26,9,51,0,Monday,539110.90169,4811655.18984,-80.51656799999999,43.456790999999996,Intersection related,1,Non-fatal injury,Left turn lane,unknown,unknown,Sideswipe,Unknown,Daylight,01 - Daylight,Municipal (excl. Twp. Rd.),Traffic signal,Functioning,0,0,0,False,False,False,Clear,,False,UNION BLVD; PARK ST; 25 M,3/4/2020 10:07:12 AM,,
45643,16-212835,1474890900000,2016,9,26,11,55,0,Monday,547783.72336,4804385.55297,-80.41000799999999,43.390831999999996,Non intersection,2,P.D. only,Thru lane,unknown,unknown,Rear end,Unknown,Daylight,01 - Daylight,Regional municipality,Ped. crossover,Functioning,0,0,0,False,False,False,Rain,,False,DOON VALLEY DR; CONESTOGA COLLEGE BLVD ; Near; 1 M,3/4/2020 10:07:12 AM,,
45644,16-212873,1474894020000,2016,9,26,12,47,0,Monday,542582.09116,4810127.52905,-80.473783,43.442845999999996,At intersection,1,Non-fatal injury,Within intersection,unknown,unknown,Turning movement,Unknown,Daylight,01 - Daylight,Regional municipality,Traffic signal,Functioning,0,0,0,False,False,False,Rain,,False,KING ST E; BORDEN AVE N,3/4/2020 10:07:11 AM,,
45645,16-212893,1474894200000,2016,9,26,12,50,0,Monday,541661.0588,4809817.42722,-80.485188,43.440106,At/near private drive,2,P.D. only,Thru lane,unknown,unknown,Rear end,Unknown,Daylight,01 - Daylight,Municipal (excl. Twp. Rd.),No control,unknown,0,0,0,False,False,False,Rain,,False,STIRLING AVE S; STIRLING AVE S; Near,3/4/2020 10:07:10 AM,,
45646,16-212946,1474900200000,2016,9,26,14,30,0,Monday,545626.29027,4804043.8262,-80.436673,43.387889,Non intersection,2,P.D. only,Not on roadway - left side,unknown,unknown,SMV other,Unknown,Daylight,01 - Daylight,Municipal (excl. Twp. Rd.),No control,unknown,0,0,0,False,False,False,Rain,,False,TILT DR ; DOON MILLS DR ; Near; 30 M,3/4/2020 10:07:09 AM,,
45647,16-213121,1474912800000,2016,9,26,18,0,0,Monday,545680.17409,4813883.18641,-80.43518499999999,43.476479,Non intersection,1,Non-fatal injury,Thru lane,unknown,unknown,Rear end,Unknown,Daylight,01 - Daylight,Municipal (excl. Twp. Rd.),No control,unknown,0,0,0,False,False,False,Clear,,False,SHIRLEY AVE; CEDARVIEW PL ; 144 M,3/4/2020 10:07:09 AM,,
45648,16-213629,1474920000000,2016,9,26,20,0,0,Monday,538248.59671,4809338.88828,-80.527389,43.435978999999996,Non intersection,2,P.D. only,Left shoulder,unknown,unknown,SMV unattended vehicle,Unknown,"Dark, artificial","08 - Dark, artificial",Municipal (excl. Twp. Rd.),No control,unknown,0,0,0,False,False,False,Clear,,False,CATALINA CRT; CATALINA CRT,3/4/2020 10:07:08 AM,,
45649,16-214194,1475052240000,2016,9,28,8,44,0,Wednesday,541956.13129,4810869.23889,-80.481461,43.44956,At intersection,2,P.D. only,Within intersection,unknown,unknown,Turning movement,Unknown,Daylight,01 - Daylight,Municipal (excl. Twp. Rd.),No control,unknown,0,0,0,False,False,False,Clear,,False,KRUG ST; LANCASTER ST E,3/7/2019 1:21:43 PM,,
45650,16-214311,1475061660000,2016,9,28,11,21,0,Wednesday,540529.88846,4811652.57334,-80.49902999999999,43.456692,At/near private drive,2,P.D. only,Right shoulder,unknown,unknown,SMV unattended vehicle,Unknown,Daylight,01 - Daylight,Municipal (excl. Twp. Rd.),No control,unknown,0,0,0,False,False,False,Clear,,False,LOUISA ST; LOUISA ST ; Near; 1 M,3/4/2020 10:07:07 AM,,
45651,16-214539,1475079060000,2016,9,28,16,11,0,Wednesday,542457.23279,4807255.01037,-80.475549,43.416989,At/near private drive,1,Non-fatal injury,Thru lane,unknown,unknown,Turning movement,Unknown,Daylight,01 - Daylight,Municipal (excl. Twp. Rd.),No control,unknown,0,0,0,False,False,False,Clear,,False,COUNTRY HILL DR ; COUNTRY HILL DR ; Near; 8 M,3/4/2020 10:07:07 AM,,
45652,16-214970,1475138520000,2016,9,29,8,42,0,Thursday,539405.01604,4810383.18639,-80.513025,43.445322,Intersection related,1,Non-fatal injury,Thru lane,unknown,unknown,Rear end,Unknown,Daylight,01 - Daylight,Municipal (excl. Twp. Rd.),No control,unknown,0,0,0,False,False,False,Rain,,False,BELMONT AVE W; KARN ST ; At; 8 M,3/4/2020 10:07:06 AM,,
45653,16-214998,1475140560000,2016,9,29,9,16,0,Thursday,539050.80564,4811097.42593,-80.51735099999999,43.451772,Non intersection,1,Non-fatal injury,Thru lane,unknown,unknown,Rear end,Unknown,Daylight,01 - Daylight,Municipal (excl. Twp. Rd.),Traffic signal,Functioning,0,0,0,False,False,False,Rain,,False,GLASGOW ST; BELMONT AVE W; Near; 30 M,3/4/2020 10:07:05 AM,,
45654,16-215040,1475089200000,2016,9,28,19,0,0,Wednesday,535891.82445,4809255.9577,-80.55651499999999,43.435348999999995,At/near private drive,2,P.D. only,Thru lane,unknown,unknown,SMV unattended vehicle,Unknown,Daylight,01 - Daylight,Municipal (excl. Twp. Rd.),No control,unknown,0,0,0,False,False,False,Clear,,False,COUNTRYSTONE DR; COUNTRYSTONE DR; At,3/4/2020 10:07:05 AM,,
45655,16-215289,1475162700000,2016,9,29,15,25,0,Thursday,544609.44795,4809091.24769,-80.448815,43.433397,At intersection,2,Non-reportable,Within intersection,unknown,unknown,Angle,Unknown,Daylight,01 - Daylight,Municipal (excl. Twp. Rd.),Traffic signal,Functioning,0,0,0,False,False,False,Rain,,False,KINGSWAY DR; FRANKLIN ST S,3/4/2020 10:07:04 AM,,
45656,16-215367,1475174160000,2016,9,29,18,36,0,Thursday,545696.87186,4808780.7605,-80.435406,43.430536,At/near private drive,2,P.D. only,Thru lane,unknown,unknown,Other,Unknown,Dusk,05 - Dusk,Regional municipality,No control,unknown,0,0,0,False,False,False,Rain,,False,HUBER ST ; JANSEN AVE ; Near; 1 M,3/4/2020 10:07:03 AM,,
45657,16-215849,1475227800000,2016,9,30,9,30,0,Friday,541989.20048,4807423.89253,-80.481318,43.418535999999996,Non intersection,2,P.D. only,Thru lane,unknown,unknown,Rear end,Unknown,Daylight,01 - Daylight,Municipal (excl. Twp. Rd.),Ped. crossover,Functioning,0,0,0,False,False,False,Clear,,False,STRASBURG RD; SELKIRK DR; 100 M,3/4/2020 10:07:03 AM,,
45658,16-216156,1475172000000,2016,9,29,18,0,0,Thursday,542100.91189,4804305.95848,-80.480178,43.390454999999996,At/near private drive,2,P.D. only,Thru lane,unknown,unknown,SMV unattended vehicle,Unknown,Daylight,01 - Daylight,Regional municipality,No control,unknown,0,0,0,False,False,False,Rain,,False,BIANCA CRT; BIANCA CRT ; At,3/4/2020 10:07:02 AM,,
45659,16-216991,1475321400000,2016,10,1,11,30,0,Saturday,541989.10299,4810446.51287,-80.48108599999999,43.445752,At/near private drive,2,P.D. only,Other,unknown,unknown,SMV unattended vehicle,Unknown,Daylight,01 - Daylight,Municipal (excl. Twp. Rd.),No control,unknown,0,0,0,False,False,False,Rain,,False,CAMERON ST S; CAMERON ST S; Near,3/4/2020 10:07:01 AM,,
45660,16-217220,1475351280000,2016,10,1,19,48,0,Saturday,541757.07764,4811625.74303,-80.483863,43.456382,At intersection,1,Non-fatal injury,Within intersection,unknown,unknown,SMV other,Unknown,Dark,07 - Dark,Municipal (excl. Twp. Rd.),Stop sign,Functioning,0,0,0,True,False,False,Clear,,False,QUEEN ST N; ST.LEGER ST,3/7/2019 1:21:42 PM,,
45661,16-217599,1475365800000,2016,10,1,23,50,0,Saturday,541343.35905,4809061.64405,-80.489171,43.433318,At intersection,2,P.D. only,Within intersection,unknown,unknown,Turning movement,Unknown,"Dark, artificial","08 - Dark, artificial",Regional municipality,No control,unknown,0,0,0,False,False,False,Rain,,False,HIGHLAND RD E; HEIMAN ST,3/7/2019 1:21:41 PM,,
45662,16-217777,1475416800000,2016,10,2,14,0,0,Sunday,539882.14325,4805703.67865,-80.50747,43.403161999999995,Non intersection,1,Non-fatal injury,Off highway,unknown,unknown,SMV unattended vehicle,Unknown,Daylight,01 - Daylight,Municipal (excl. Twp. Rd.),No control,unknown,0,0,0,False,False,False,Clear,,False,COPPER LEAF CRES; COPPER LEAF CRES; At; 3 M,3/4/2020 10:07:01 AM,,
45663,16-217919,1475430540000,2016,10,2,17,49,0,Sunday,543911.77785,4811589.34523,-80.457234,43.455931,Other,2,P.D. only,Off highway,unknown,unknown,SMV other,Unknown,Daylight,01 - Daylight,Municipal (excl. Twp. Rd.),No control,unknown,0,0,0,False,False,False,Rain,,False,CHELSEA RD; At,3/4/2020 10:07:00 AM,,
45664,16-218369,1475301600000,2016,10,1,6,0,0,Saturday,542314.61158,4806866.18394,-80.477341,43.413495999999995,At/near private drive,2,P.D. only,Thru lane,unknown,unknown,SMV unattended vehicle,Unknown,Dark,07 - Dark,Regional municipality,No control,unknown,0,0,0,False,False,False,Clear,,False,STRASBURG RD; STRASBURG RD ; Near,3/4/2020 10:06:59 AM,,
45665,16-218373,1475491620000,2016,10,3,10,47,0,Monday,539451.54241,4807982.99091,-80.51262299999999,43.423708,Non intersection,1,Non-fatal injury,Not on roadway - right side,unknown,unknown,SMV other,Unknown,Daylight,01 - Daylight,Municipal (excl. Twp. Rd.),No control,unknown,0,0,0,False,False,False,Clear,,False,GREENBROOK DR; GREENBROOK DR ; 12 M,3/4/2020 10:06:59 AM,,
45666,16-218379,1475492040000,2016,10,3,10,54,0,Monday,542405.63723,4806620.35102,-80.476236,43.411277,At intersection,2,P.D. only,Within intersection,unknown,unknown,Turning movement,Unknown,Daylight,01 - Daylight,Municipal (excl. Twp. Rd.),Stop sign,Functioning,0,0,0,False,False,False,Clear,,False,STRASBURG RD; OLD COUNTRY DR,3/4/2020 10:06:58 AM,,
45667,16-218415,1475438400000,2016,10,2,20,0,0,Sunday,542788.68058,4803737.05976,-80.47173099999999,43.385293999999995,Non intersection,2,Non-reportable,Thru lane,unknown,unknown,SMV unattended vehicle,Unknown,"Dark, artificial","08 - Dark, artificial",Municipal (excl. Twp. Rd.),No control,unknown,0,0,0,False,False,False,Clear,,False,BANFFSHIRE CRT; BANFFSHIRE CRT; At; 2 M,3/4/2020 10:06:57 AM,,
45668,16-218609,1475508060000,2016,10,3,15,21,0,Monday,540973.03972,4809287.40188,-80.49373,43.435370999999996,Intersection related,1,Non-fatal injury,Thru lane,unknown,unknown,Rear end,Unknown,Daylight,01 - Daylight,Municipal (excl. Twp. Rd.),Stop sign,Functioning,0,0,0,False,False,False,Clear,,False,STIRLING AVE S; LORNE AVE; Near; 18.3 M,3/4/2020 10:06:57 AM,,
45669,16-218671,1475508900000,2016,10,3,15,35,0,Monday,545539.93723,4803601.8837,-80.437776,43.383914999999995,Intersection related,2,P.D. only,Thru lane,unknown,unknown,Rear end,Unknown,Daylight,01 - Daylight,Municipal (excl. Twp. Rd.),Stop sign,Functioning,0,0,0,False,False,False,Clear,,False,APPLE RIDGE DR; WOODFIELD ST; At,3/4/2020 10:06:56 AM,,
45670,16-218825,1475460000000,2016,10,3,2,0,0,Monday,545476.6758,4812485.11505,-80.437818,43.463902999999995,At/near private drive,2,P.D. only,Thru lane,unknown,unknown,SMV unattended vehicle,Unknown,"Dusk, artificial","06 - Dusk, artificial",Municipal (excl. Twp. Rd.),No control,unknown,0,0,0,False,False,False,Rain,,False,WORDSWORTH PL; WORDSWORTH PL; Near,3/4/2020 10:06:55 AM,,
45671,16-219563,1475603100000,2016,10,4,17,45,0,Tuesday,541253.55144,4809430.41919,-80.490253,43.436644,Non intersection,2,P.D. only,Thru lane,unknown,unknown,Rear end,Unknown,Daylight,01 - Daylight,Municipal (excl. Twp. Rd.),No control,unknown,0,0,0,False,False,False,Clear,,False,STIRLING AVE S; RUSSEL ST; 19 M,3/4/2020 10:06:55 AM,,
45672,16-219592,1475590500000,2016,10,4,14,15,0,Tuesday,541761.87959,4803536.76919,-80.484422,43.383548999999995,At intersection,2,P.D. only,Within intersection,unknown,unknown,Turning movement,Unknown,Daylight,01 - Daylight,Municipal (excl. Twp. Rd.),Stop sign,Functioning,0,0,0,False,False,False,Clear,,False,VERONA ST; SIENNA CRES,3/4/2020 10:06:54 AM,,
45673,16-219640,1475608200000,2016,10,4,19,10,0,Tuesday,542239.31306,4806970.56403,-80.478263,43.41444,At/near private drive,2,P.D. only,Thru lane,unknown,unknown,Turning movement,Unknown,Daylight,01 - Daylight,Municipal (excl. Twp. Rd.),Stop sign,Functioning,0,0,0,False,False,False,Clear,,False,STRASBURG RD; STRASBURG RD ; At; 3 M,3/4/2020 10:06:53 AM,,
45674,16-220049,1475659260000,2016,10,5,9,21,0,Wednesday,541876.10951,4811809.42243,-80.482378,43.45803,At intersection,1,Non-fatal injury,Within intersection,unknown,unknown,Turning movement,Unknown,Daylight,01 - Daylight,Regional municipality,Stop sign,Functioning,0,0,0,False,False,True,Clear,,False,LANCASTER ST E; QUEEN ST N,3/7/2019 1:21:39 PM,,
45675,16-220094,1475656200000,2016,10,5,8,30,0,Wednesday,540310.46164,4811549.89689,-80.50174899999999,43.455779,Intersection related,2,P.D. only,Not on roadway - right side,unknown,unknown,SMV other,Unknown,Daylight,01 - Daylight,Regional municipality,Stop sign,Functioning,0,0,0,False,False,False,Clear,,False,LOUISA ST; MOORE AVE; At,3/4/2020 10:06:52 AM,,
45676,16-220299,1475679060000,2016,10,5,14,51,0,Wednesday,542904.60148,4805687.31881,-80.470147,43.402848,Non intersection,1,Non-fatal injury,Not on roadway - right side,unknown,unknown,SMV other,Unknown,Daylight,01 - Daylight,Regional municipality,No control,unknown,0,0,0,False,False,True,Clear,,False,STRASBURG RD; STRASBURG RD; At; 1 M,3/4/2020 10:06:51 AM,,
45677,16-220347,1475654400000,2016,10,5,8,0,0,Wednesday,539478.08688,4805896.67234,-80.512446,43.404920999999995,Non intersection,2,P.D. only,Thru lane,unknown,unknown,SMV unattended vehicle,Unknown,"Dark, artificial","08 - Dark, artificial",Municipal (excl. Twp. Rd.),No control,unknown,0,0,0,False,False,False,Clear,,False,MOUNTAIN LAUREL CRES; MOUNTAIN LAUREL CRES ; Near,3/4/2020 10:06:51 AM,,
45678,16-220574,1475699520000,2016,10,5,20,32,0,Wednesday,542784.28184,4804145.00588,-80.47175299999999,43.388968,Intersection related,2,P.D. only,Thru lane,unknown,unknown,Rear end,Unknown,"Dark, artificial","08 - Dark, artificial",Regional municipality,Stop sign,Functioning,0,0,0,False,False,False,Clear,,False,PARKVALE DR ; HURON RD,3/4/2020 10:06:50 AM,,
45679,16-220996,1475750040000,2016,10,6,10,34,0,Thursday,542652.11321,4807352.6557,-80.473135,43.417857,At intersection,1,Non-fatal injury,Within intersection,unknown,unknown,SMV other,Unknown,Daylight,01 - Daylight,Regional municipality,Traffic signal,Functioning,0,0,0,True,False,False,Clear,,False,BLOCK LINE RD; KINGSWOOD DR; 4 M,3/4/2020 10:06:49 AM,,
45680,16-221233,1475751600000,2016,10,6,11,0,0,Thursday,540129.72879,4811572.6446,-80.503982,43.455993,At intersection,2,P.D. only,Within intersection,unknown,unknown,Turning movement,Unknown,Daylight,01 - Daylight,Municipal (excl. Twp. Rd.),Stop sign,Functioning,0,0,0,False,False,False,Clear,,False,SHANLEY ST; BRAUN ST,3/4/2020 10:06:49 AM,,
45681,16-221395,1475781480000,2016,10,6,19,18,0,Thursday,544116.82339,4811895.44267,-80.454675,43.458675,At intersection,1,Non-fatal injury,Within intersection,unknown,unknown,Turning movement,Unknown,"Dark, artificial","08 - Dark, artificial",Regional municipality,No control,unknown,0,0,0,False,True,False,Clear,,False,RIVER RD E; MANCHESTER RD,3/4/2020 10:06:48 AM,,
45682,16-221399,1475780400000,2016,10,6,19,0,0,Thursday,539048.88816,4811096.45668,-80.517375,43.451763,At/near private drive,2,P.D. only,Thru lane,unknown,unknown,Other,Unknown,"Dark, artificial","08 - Dark, artificial",Regional municipality,No control,unknown,0,0,0,False,False,False,Clear,,False,GLASGOW ST; GLASGOW ST; At,3/4/2020 10:06:47 AM,,
45683,16-221819,1475829600000,2016,10,7,8,40,0,Friday,546062.97744,4809493.93018,-80.43082299999999,43.436935,At intersection,1,Non-fatal injury,Within intersection,unknown,unknown,Angle,Unknown,Daylight,01 - Daylight,Municipal (excl. Twp. Rd.),Traffic signal,Functioning,0,0,0,False,True,False,Clear,,False,KINZIE AVE; RIVER RD E,3/4/2020 10:06:46 AM,,
45684,16-222113,1475836200000,2016,10,7,10,30,0,Friday,544347.11649,4805121.75196,-80.452379,43.397672,At/near private drive,2,P.D. only,Off highway,unknown,unknown,SMV unattended vehicle,Unknown,Daylight,01 - Daylight,Private property,No control,unknown,0,0,0,False,False,False,Clear,,False,CLUTHE CRES; CLUTHE CRES ; At; 1 M,3/4/2020 10:06:46 AM,,