OBJECTID,ACCIDENTNUM,ACCIDENTDATE,ACCIDENT_YEAR,ACCIDENT_MONTH,ACCIDENT_DAY,ACCIDENT_HOUR,ACCIDENT_MINUTE,ACCIDENT_SECOND,ACCIDENT_WEEKDAY,XCOORD,YCOORD,LONGITUDE,LATITUDE,ACCIDENTLOCATION,COLLISIONTYPE,CLASSIFICATIONOFACCIDENT,IMPACTLOCATION,INITIALDIRECTIONOFTRAVELONE,INITIALDIRECTIONOFTRAVELTWO,INITIALIMPACTTYPE,INTTRAFFICCONTROL,LIGHT,LIGHTFORREPORT,ROADJURISDICTION,TRAFFICCONTROL,TRAFFICCONTROLCONDITION,THRULANENO,NORTHBOUNDDISOBEYCOUNT,SOUTHBOUNDDISOBEYCOUNT,PEDESTRIANINVOLVED,CYCLISTINVOLVED,MOTORCYCLISTINVOLVED,ENVIRONMENTCONDITION1,ENVIRONMENTCONDITION2,SELFREPORTED,XMLIMPORTNOTES,LASTEDITEDDATE,CREATE_BY,CREATE_DATE
45685,16-222232,1475858400000,2016,10,7,16,40,0,Friday,539801.04508,4810739.46008,-80.508105,43.448509,At intersection,1,Non-fatal injury,Within intersection,unknown,unknown,Turning movement,Unknown,Daylight,01 - Daylight,Municipal (excl. Twp. Rd.),No control,unknown,0,0,0,False,False,False,Clear,,False,STRANGE ST ; WAVERLY RD,3/4/2020 10:06:45 AM,,
45686,16-222349,1475854500000,2016,10,7,15,35,0,Friday,541980.52025,4808280.79261,-80.481359,43.426252,Non intersection,2,P.D. only,Thru lane,unknown,unknown,Sideswipe,Unknown,Daylight,01 - Daylight,Regional municipality,No control,unknown,0,0,0,False,False,False,Clear,,False,HOMER WATSON BLVD; OTTAWA ST S; Near; 100 M,3/7/2019 1:21:38 PM,,
45687,16-222867,1475922660000,2016,10,8,10,31,0,Saturday,536285.06234,4809350.61234,-80.55165,43.436181999999995,Non intersection,2,P.D. only,Right shoulder,unknown,unknown,SMV unattended vehicle,Unknown,Daylight,01 - Daylight,Municipal (excl. Twp. Rd.),No control,unknown,0,0,0,False,False,False,Clear,,False,RESURRECTION DR; RESURRECTION DR; Near; 2 M,3/4/2020 10:06:44 AM,,
45688,16-223010,1475936460000,2016,10,8,14,21,0,Saturday,545387.96217,4808974.02468,-80.439206,43.432294999999996,At/near private drive,2,P.D. only,Thru lane,unknown,unknown,Rear end,Unknown,Daylight,01 - Daylight,Regional municipality,No control,unknown,0,0,0,False,False,False,Clear,,False,KINZIE AVE ; WEBER ST E; 2 M,3/4/2020 10:06:44 AM,,
45689,16-223744,1476026700000,2016,10,9,15,25,0,Sunday,544503.24709,4804433.35116,-80.450507,43.391464,Intersection related,2,P.D. only,Thru lane,unknown,unknown,Rear end,Unknown,Daylight,01 - Daylight,Municipal (excl. Twp. Rd.),Stop sign,Functioning,0,0,0,False,False,False,Clear,,False,PIONEER DR; BLACK WALNUT DR,3/4/2020 10:06:43 AM,,
45690,16-223803,1475974800000,2016,10,9,1,0,0,Sunday,545667.7149,4812137.22417,-80.435485,43.460758999999996,Non intersection,2,P.D. only,Thru lane,unknown,unknown,SMV unattended vehicle,Unknown,Dark,07 - Dark,Municipal (excl. Twp. Rd.),No control,unknown,0,0,0,False,False,False,Clear,,False,WESTCHESTER DR; WESTCHESTER DR ; Near,3/4/2020 10:06:42 AM,,
45691,16-223829,1476036540000,2016,10,9,18,9,0,Sunday,544622.48976,4808636.68395,-80.448691,43.429303999999995,Intersection related,2,P.D. only,Not on roadway - right side,unknown,unknown,SMV other,Unknown,Daylight,01 - Daylight,Municipal (excl. Twp. Rd.),Stop sign,Functioning,0,0,0,False,False,False,Clear,,False,CONNAUGHT ST; NINTH AVE; At,3/4/2020 10:06:42 AM,,
45692,16-223872,1476030600000,2016,10,9,16,30,0,Sunday,537195.5702,4809381.23244,-80.540397,43.436412999999995,At/near private drive,2,P.D. only,Thru lane,unknown,unknown,SMV unattended vehicle,Unknown,Daylight,01 - Daylight,Municipal (excl. Twp. Rd.),No control,unknown,0,0,0,False,False,False,Clear,,False,LYNNVALLEY CRES; LYNNVALLEY CRES ; Near; 5 M,3/4/2020 10:06:41 AM,,
45693,16-223875,1476042540000,2016,10,9,19,49,0,Sunday,542969.14289,4804299.90348,-80.469459,43.390352,Non intersection,2,P.D. only,Thru lane,unknown,unknown,SMV other,Unknown,Dark,07 - Dark,Regional municipality,No control,unknown,0,0,0,False,False,False,Clear,,False,HURON RD; STRASBURG RD; Near; 300 M,3/4/2020 10:06:40 AM,,
45694,16-224166,1476125460000,2016,10,10,18,51,0,Monday,541974.66929,4815927.19518,-80.480843,43.4951,Non intersection,2,P.D. only,Thru lane,unknown,unknown,SMV unattended vehicle,Unknown,Daylight,01 - Daylight,Municipal (excl. Twp. Rd.),No control,unknown,0,0,0,False,False,False,Clear,,False,HAWKSWOOD DR; HAWKSWOOD DR ; Near; 30 M,3/4/2020 10:06:40 AM,,
45695,16-224192,1476017100000,2016,10,9,12,45,0,Sunday,539129.84053,4809325.18406,-80.51650099999999,43.43581,At/near private drive,2,P.D. only,Thru lane,unknown,unknown,Turning movement,Unknown,Daylight,01 - Daylight,Municipal (excl. Twp. Rd.),No control,unknown,0,0,0,False,False,False,Clear,,False,HIGHLAND CRES; HIGHLAND CRES ; At,3/7/2019 1:21:36 PM,,
45696,16-224723,1476176460000,2016,10,11,9,1,0,Tuesday,542435.56026,4812486.07852,-80.47541,43.464090999999996,At/near private drive,2,P.D. only,Thru lane,unknown,unknown,Turning movement,Unknown,Daylight,01 - Daylight,Regional municipality,No control,unknown,0,0,0,False,False,False,Clear,,False,WELLINGTON ST N; WELLINGTON ST N; Near; 5 M,3/4/2020 10:06:39 AM,,
45697,16-224772,1476176100000,2016,10,11,8,55,0,Tuesday,547783.73693,4804383.63483,-80.41000799999999,43.390814,Intersection related,2,P.D. only,Thru lane,unknown,unknown,Rear end,Unknown,Daylight,01 - Daylight,Regional municipality,No control,unknown,0,0,0,False,False,False,Clear,,False,CONESTOGA COLLEGE BLVD; DOON VALLEY DR; Near,3/4/2020 10:06:38 AM,,
45698,16-224951,1476191700000,2016,10,11,13,15,0,Tuesday,541254.52492,4809428.50836,-80.490241,43.436626,Non intersection,2,P.D. only,Thru lane,unknown,unknown,Rear end,Unknown,Daylight,01 - Daylight,Municipal (excl. Twp. Rd.),No control,unknown,0,0,0,False,False,False,Clear,,False,STIRLING AVE S; RUSSEL ST; Near,3/4/2020 10:06:38 AM,,
45699,16-224972,1476195480000,2016,10,11,14,18,0,Tuesday,542581.14161,4810125.60646,-80.473795,43.442828999999996,Intersection related,2,P.D. only,Left turn lane,unknown,unknown,Turning movement,Unknown,Daylight,01 - Daylight,Regional municipality,Traffic signal,Functioning,0,0,0,False,False,False,Clear,,False,KING ST E; BORDEN AVE N; At; 50 M,3/4/2020 10:06:37 AM,,
45700,16-225100,1476199200000,2016,10,11,15,20,0,Tuesday,544535.00599,4804302.54929,-80.450125,43.390284,At/near private drive,2,P.D. only,Thru lane,unknown,unknown,Other,Unknown,Daylight,01 - Daylight,Municipal (excl. Twp. Rd.),No control,unknown,0,0,0,False,False,False,Clear,,False,BECHTEL DR; BECHTEL DR; At,3/4/2020 10:06:36 AM,,
45701,16-225143,1476182700000,2016,10,11,10,45,0,Tuesday,539590.42387,4811842.13341,-80.510628,43.458448999999995,Non intersection,2,P.D. only,Thru lane,unknown,unknown,Sideswipe,Unknown,Daylight,01 - Daylight,Municipal (excl. Twp. Rd.),No control,unknown,0,0,0,False,False,False,Clear,,False,PINE ST; PINE ST ; Near,3/4/2020 10:06:36 AM,,
45702,16-225604,1476204300000,2016,10,11,16,45,0,Tuesday,540745.32127,4811482.67278,-80.49638,43.455149999999996,At/near private drive,2,P.D. only,Thru lane,unknown,unknown,Other,Unknown,Daylight,01 - Daylight,Regional municipality,No control,unknown,0,0,0,False,False,False,Clear,,False,DUKE ST W; DUKE ST W; Near,3/7/2019 1:21:35 PM,,
45703,16-225632,1476269160000,2016,10,12,10,46,0,Wednesday,541466.71729,4809537.25083,-80.487611,43.437594,Intersection related,2,P.D. only,Not on roadway - right side,unknown,unknown,SMV other,Unknown,Daylight,01 - Daylight,Municipal (excl. Twp. Rd.),Traffic signal,Functioning,0,0,0,False,False,False,Clear,,False,STIRLING AVE S; MILL ST; 30 M,3/4/2020 10:06:35 AM,,
45704,16-225778,1476262800000,2016,10,12,9,0,0,Wednesday,544328.26044,4809024.14907,-80.45229499999999,43.432809999999996,Non intersection,2,P.D. only,Thru lane,unknown,unknown,SMV unattended vehicle,Unknown,Daylight,01 - Daylight,Municipal (excl. Twp. Rd.),No control,unknown,0,0,0,False,False,False,Clear,,False,FIFTH AVE; FIFTH AVE ; Near,3/4/2020 10:06:34 AM,,
45705,16-225803,1476263100000,2016,10,12,9,5,0,Wednesday,542217.91689,4810219.07208,-80.478276,43.443691,Non intersection,2,P.D. only,Thru lane,unknown,unknown,Rear end,Unknown,Daylight,01 - Daylight,Regional municipality,Traffic signal,Functioning,0,0,0,False,False,False,Clear,,False,STIRLING AVE S; CHARLES ST E; Near,3/4/2020 10:06:34 AM,,
45706,16-225810,1474921800000,2016,9,26,20,30,0,Monday,542107.44918,4807132.72366,-80.479879,43.415907999999995,Intersection related,1,Non-fatal injury,Thru lane,unknown,unknown,Rear end,Unknown,"Dusk, artificial","06 - Dusk, artificial",Municipal (excl. Twp. Rd.),Traffic signal,Functioning,0,0,0,False,False,False,Clear,,False,STRASBURG RD; BLOCK LINE RD,3/4/2020 10:06:33 AM,,
45707,16-225855,1476287520000,2016,10,12,15,52,0,Wednesday,543528.65321,4810060.92703,-80.462092,43.442192,Non intersection,2,P.D. only,Thru lane,unknown,unknown,SMV unattended vehicle,Unknown,Daylight,01 - Daylight,Municipal (excl. Twp. Rd.),No control,unknown,0,0,0,False,False,False,Clear,,False,CLIVE RD; CLIVE RD ; At; 2 M,3/4/2020 10:06:32 AM,,
45708,16-225984,1476299100000,2016,10,12,19,5,0,Wednesday,542067.82098,4810922.49418,-80.480077,43.450033,At/near private drive,2,P.D. only,Thru lane,unknown,unknown,Turning movement,Unknown,"Daylight, artificial","02 - Daylight, artificial",Municipal (excl. Twp. Rd.),No control,unknown,0,0,0,False,False,False,Clear,,False,KRUG ST; LANCASTER ST E; Near; 90 M,3/4/2020 10:06:32 AM,,
45709,16-226466,1476357300000,2016,10,13,11,15,0,Thursday,542187.22212,4810206.42229,-80.478657,43.443579,Non intersection,1,Non-fatal injury,Thru lane,unknown,unknown,SMV other,Unknown,Daylight,01 - Daylight,Regional municipality,No control,unknown,0,0,0,True,False,False,Clear,,False,STIRLING AVE S; CHARLES ST E; 30 M,3/7/2019 1:21:34 PM,,
45710,16-226585,1476367800000,2016,10,13,14,10,0,Thursday,538960.6788,4805651.48215,-80.51885399999999,43.40274,Intersection related,2,P.D. only,Within intersection,unknown,unknown,Turning movement,Unknown,Daylight,01 - Daylight,Regional municipality,Traffic signal,Functioning,0,0,0,False,False,False,Clear,,False,ACTIVA AVE; SNOWDROP CRES,3/4/2020 10:06:31 AM,,
45711,16-226890,1476396600000,2016,10,13,22,10,0,Thursday,539058.16919,4809764.63441,-80.517355,43.439771,Non intersection,2,P.D. only,Thru lane,unknown,unknown,SMV unattended vehicle,Unknown,"Dark, artificial","08 - Dark, artificial",Municipal (excl. Twp. Rd.),No control,unknown,0,0,0,False,False,False,Clear,,False,PAULANDER DR; PAULANDER DR ; Near; 5 M,3/4/2020 10:06:30 AM,,
45712,16-227478,1476458040000,2016,10,14,15,14,0,Friday,544644.09835,4811820.23827,-80.44816399999999,43.457967,Intersection related,1,Non-fatal injury,Thru lane,unknown,unknown,Rear end,Unknown,Daylight,01 - Daylight,Municipal (excl. Twp. Rd.),No control,unknown,0,0,0,False,False,False,Clear,,False,BIRKSHIRE CRT ; LORRAINE AVE; At; 10 M,3/4/2020 10:06:30 AM,,
45713,16-227512,1476460980000,2016,10,14,16,3,0,Friday,544826.97347,4811310.8851,-80.445945,43.45337,Non intersection,2,P.D. only,Thru lane,unknown,unknown,Rear end,Unknown,Daylight,01 - Daylight,Regional municipality,No control,unknown,0,0,0,False,False,False,Clear,,False,RIVER RD E; HICKSON DR ; 150 M,3/4/2020 10:06:29 AM,,
45714,16-227566,1476460800000,2016,10,14,16,0,0,Friday,539617.36704,4811374.85663,-80.510329,43.45424,Intersection related,2,P.D. only,Thru lane,unknown,unknown,Rear end,Unknown,Daylight,01 - Daylight,Municipal (excl. Twp. Rd.),Traffic signal,Functioning,0,0,0,False,False,False,Clear,,False,GLASGOW ST; PARK ST,3/4/2020 10:06:28 AM,,
45715,16-227580,1476465780000,2016,10,14,17,23,0,Friday,540667.70525,4810971.97663,-80.497377,43.450556,At/near private drive,2,P.D. only,Thru lane,unknown,unknown,Other,Unknown,Daylight,01 - Daylight,Municipal (excl. Twp. Rd.),No control,unknown,0,0,0,False,False,False,Clear,,False,FRANCIS ST S; FRANCIS ST S; Near; 8 M,3/4/2020 10:06:27 AM,,
45716,16-228038,1476298800000,2016,10,12,19,0,0,Wednesday,537382.4396,4807353.7702,-80.53822699999999,43.418147999999995,At/near private drive,2,P.D. only,Thru lane,unknown,unknown,SMV unattended vehicle,Unknown,Daylight,01 - Daylight,Municipal (excl. Twp. Rd.),No control,unknown,0,0,0,False,False,False,Clear,,False,HOMESTEAD PL; HOMESTEAD PL ; At,3/4/2020 10:06:27 AM,,
45717,16-228197,1476120600000,2016,10,10,17,30,0,Monday,541068.0,4811108.0,0.0,0.0,Other,2,P.D. only,Off highway,unknown,unknown,SMV other,Unknown,Daylight,01 - Daylight,Municipal (excl. Twp. Rd.),No control,unknown,0,0,0,False,False,True,Clear,,False,PARK; GREEN VALLEY DR,3/4/2020 10:06:26 AM,,
45718,16-228241,1476539340000,2016,10,15,13,49,0,Saturday,547292.08794,4811519.42225,-80.41546,43.455096,Non intersection,2,P.D. only,Thru lane,unknown,unknown,SMV unattended vehicle,Unknown,Daylight,01 - Daylight,Municipal (excl. Twp. Rd.),No control,unknown,0,0,0,False,False,False,Clear,,False,DEER CREEK ST ; BROOKMEAD ST ; 25 M,3/4/2020 10:06:25 AM,,
45719,16-228994,1476558120000,2016,10,15,19,2,0,Saturday,542011.02987,4810483.29708,-80.480813,43.446082,At intersection,2,P.D. only,Within intersection,unknown,unknown,Angle,Unknown,Dusk,05 - Dusk,Regional municipality,Stop sign,Functioning,0,0,0,False,False,False,Clear,,False,KING ST E; CAMERON ST N,3/7/2019 1:21:33 PM,,
45720,16-229036,1476623100000,2016,10,16,13,5,0,Sunday,540271.66737,4806894.911,-80.502572,43.413866999999996,Non intersection,2,P.D. only,Thru lane,unknown,unknown,SMV unattended vehicle,Unknown,Daylight,01 - Daylight,Municipal (excl. Twp. Rd.),No control,unknown,0,0,0,False,False,False,Clear,,False,WILLIAMSBURG RD; MARCON CT; 3 M,3/4/2020 10:06:25 AM,,
45721,16-229295,1476648000000,2016,10,16,20,0,0,Sunday,538126.9434,4809872.95365,-80.528855,43.440794,At intersection,2,P.D. only,Within intersection,unknown,unknown,Turning movement,Unknown,"Dark, artificial","08 - Dark, artificial",Municipal (excl. Twp. Rd.),Stop sign,Functioning,0,0,0,False,True,False,Clear,,False,DALEGROVE DR; INGLESIDE DR,3/4/2020 10:06:24 AM,,
45722,16-229810,1476559800000,2016,10,15,19,30,0,Saturday,538823.24261,4810734.236,-80.520189,43.448513,Non intersection,2,P.D. only,Thru lane,unknown,unknown,SMV unattended vehicle,Unknown,"Dark, artificial","08 - Dark, artificial",Municipal (excl. Twp. Rd.),No control,unknown,0,0,0,False,False,False,Clear,,False,KATHERINE CRES; KATHERINE CRES; Near,3/4/2020 10:06:23 AM,,
45723,16-229912,1476717360000,2016,10,17,15,16,0,Monday,541346.7473,4809686.32082,-80.489082,43.438942999999995,Non intersection,1,Non-fatal injury,Thru lane,unknown,unknown,SMV other,Unknown,Daylight,01 - Daylight,Municipal (excl. Twp. Rd.),No control,unknown,0,0,0,True,False,False,Clear,,False,MILL ST; MADISON AVE S; 10 M,3/7/2019 1:21:32 PM,,
45724,16-230073,1476570600000,2016,10,15,22,30,0,Saturday,547880.71717,4810713.18648,-80.408256,43.447798999999996,Non intersection,2,P.D. only,Thru lane,unknown,unknown,SMV unattended vehicle,Unknown,Daylight,01 - Daylight,Municipal (excl. Twp. Rd.),No control,unknown,0,0,0,False,False,False,Clear,,False,COLTON CIR ; COLTON CIR ; Near,3/4/2020 10:06:23 AM,,
45725,16-230098,1476689400000,2016,10,17,7,30,0,Monday,545512.66203,4811465.1976,-80.43745799999999,43.454718,Non intersection,2,P.D. only,Thru lane,unknown,unknown,SMV unattended vehicle,Unknown,"Dark, artificial","08 - Dark, artificial",Municipal (excl. Twp. Rd.),No control,unknown,0,0,0,False,False,False,Rain,,False,MCGEE AVE; MCGEE AVE; Near,3/4/2020 10:06:22 AM,,
45726,16-230113,1476721800000,2016,10,17,16,30,0,Monday,536402.4754,4806758.34479,-80.550372,43.412835,At/near private drive,2,P.D. only,Thru lane,unknown,unknown,Rear end,Unknown,Daylight,01 - Daylight,Municipal (excl. Twp. Rd.),No control,unknown,0,0,0,False,False,False,Clear,,False,GOLDEN MEADOW CRES ; GOLDEN MEADOW CRES ; Near; 10 M,3/4/2020 10:06:21 AM,,
45727,16-230421,1476780000000,2016,10,18,8,40,0,Tuesday,541763.68017,4804152.15788,-80.484353,43.389089999999996,At/near private drive,2,P.D. only,Thru lane,unknown,unknown,SMV unattended vehicle,Unknown,Daylight,01 - Daylight,Municipal (excl. Twp. Rd.),No control,unknown,0,0,0,False,False,False,Clear,,False,PARKVALE DR; PARKVALE DR ; Near; 5 M,3/4/2020 10:06:21 AM,,
45728,16-230745,1476803400000,2016,10,18,15,10,0,Tuesday,540769.27235,4809834.6465,-80.496207,43.44031,At intersection,1,Non-fatal injury,Within intersection,unknown,unknown,Turning movement,Unknown,Daylight,01 - Daylight,Municipal (excl. Twp. Rd.),Stop sign,Functioning,0,0,0,False,False,False,Clear,,False,HIGHLAND RD E; RUBY ST,3/7/2019 1:21:30 PM,,
45729,16-230804,1476808800000,2016,10,18,16,40,0,Tuesday,540796.10896,4809181.40408,-80.495924,43.434427,Non intersection,2,P.D. only,Thru lane,unknown,unknown,Rear end,Unknown,Daylight,01 - Daylight,Municipal (excl. Twp. Rd.),Stop sign,Functioning,0,0,0,False,False,False,Clear,,False,STIRLING AVE S; PLEASANT AVE ; Near; 550 M,3/4/2020 10:06:20 AM,,
45730,16-231341,1476873900000,2016,10,19,10,45,0,Wednesday,540537.1796,4811416.17608,-80.49895699999999,43.454563,At/near private drive,2,P.D. only,Thru lane,unknown,unknown,SMV unattended vehicle,Unknown,Daylight,01 - Daylight,Municipal (excl. Twp. Rd.),No control,unknown,0,0,0,False,False,False,Clear,,False,BREITHAUPT ST; BREITHAUPT ST ; 20 M,3/4/2020 10:06:19 AM,,
45731,16-231515,1476889620000,2016,10,19,15,7,0,Wednesday,542399.40478,4811080.60865,-80.475967,43.451437999999996,At intersection,1,Non-fatal injury,Within intersection,unknown,unknown,Angle,Unknown,Daylight,01 - Daylight,Municipal (excl. Twp. Rd.),Stop sign,Functioning,0,1,0,False,False,False,Clear,,False,KRUG ST; SIMEON ST,3/7/2019 1:21:29 PM,,
45732,16-231611,1476897720000,2016,10,19,17,22,0,Wednesday,545518.00197,4811115.49611,-80.437421,43.451569,At intersection,1,Non-fatal injury,Within intersection,unknown,unknown,Turning movement,Unknown,Daylight,01 - Daylight,Municipal (excl. Twp. Rd.),Stop sign,Functioning,0,0,0,False,False,False,Clear,,False,HOLBORN DR; CARNABY CRES ; 2 M,3/4/2020 10:06:19 AM,,
45733,16-231711,1476892800000,2016,10,19,16,0,0,Wednesday,539545.82774,4811741.27613,-80.511186,43.457543,Non intersection,2,P.D. only,Thru lane,unknown,unknown,Turning movement,Unknown,Daylight,01 - Daylight,Municipal (excl. Twp. Rd.),No control,unknown,0,0,0,False,False,False,Clear,,False,PINE ST; DODDS LANE; Near,3/4/2020 10:06:18 AM,,
45734,16-232232,1476974400000,2016,10,20,14,40,0,Thursday,544116.82339,4811895.44267,-80.454675,43.458675,At intersection,1,Non-fatal injury,Within intersection,unknown,unknown,Angle,Unknown,Daylight,01 - Daylight,Municipal (excl. Twp. Rd.),Stop sign,Functioning,0,0,0,False,False,False,Rain,,False,RIVER RD E; MANCHESTER RD,3/4/2020 10:06:17 AM,,
45735,16-232350,1476983880000,2016,10,20,17,18,0,Thursday,541180.30731,4809392.77084,-80.49116099999999,43.436309,At intersection,1,Non-fatal injury,Within intersection,unknown,unknown,SMV other,Unknown,Daylight,01 - Daylight,Regional municipality,Traffic signal,Functioning,0,0,0,True,False,False,Rain,,False,HIGHLAND RD E; STIRLING AVE S,3/4/2020 10:06:17 AM,,
45736,16-232366,1476981900000,2016,10,20,16,45,0,Thursday,541219.67309,4809312.19866,-80.490681,43.435581,At/near private drive,2,P.D. only,Thru lane,unknown,unknown,Turning movement,Unknown,Daylight,01 - Daylight,Regional municipality,No control,unknown,0,0,0,False,False,False,Rain,,False,HIGHLAND RD E; HIGHLAND RD E,3/7/2019 1:21:28 PM,,
45737,16-232387,1476987660000,2016,10,20,18,21,0,Thursday,542323.61512,4811046.89836,-80.476906,43.451139,At/near private drive,2,P.D. only,Thru lane,unknown,unknown,SMV unattended vehicle,Unknown,Daylight,01 - Daylight,Municipal (excl. Twp. Rd.),No control,unknown,0,0,0,False,False,False,Clear,,False,SAMUEL ST ; SAMUEL ST; Near; 3 M,3/7/2019 1:21:27 PM,,
45738,16-232430,1476991380000,2016,10,20,19,23,0,Thursday,546993.26293,4808376.02691,-80.41942399999999,43.426812,Intersection related,2,P.D. only,Thru lane,unknown,unknown,Rear end,Unknown,Dark,07 - Dark,Municipal (excl. Twp. Rd.),Stop sign,Functioning,0,0,0,False,False,False,Rain,,False,GRAND RIVER BLVD; RIVER RD E,3/7/2019 1:21:25 PM,,
45739,16-232690,1477035900000,2016,10,21,7,45,0,Friday,540279.5906,4811619.21352,-80.50212599999999,43.456405,Non intersection,2,P.D. only,Thru lane,unknown,unknown,SMV unattended vehicle,Unknown,"Dark, artificial","08 - Dark, artificial",Municipal (excl. Twp. Rd.),No control,unknown,0,0,0,False,False,False,Rain,,False,MOORE AVE; SHANLEY ST ; 20 M,3/4/2020 10:06:16 AM,,
45740,16-232783,1477034400000,2016,10,21,7,20,0,Friday,545349.68559,4812160.31863,-80.439414,43.460986999999996,At intersection,1,Non-fatal injury,Within intersection,unknown,unknown,SMV other,Unknown,"Daylight, artificial","02 - Daylight, artificial",Regional municipality,Stop sign,Functioning,0,0,0,True,False,False,Rain,,False,HERITAGE DR; LORRAINE AVE,3/4/2020 10:06:15 AM,,
45741,16-233648,1477138800000,2016,10,22,12,20,0,Saturday,541956.13726,4810868.28074,-80.481461,43.449551,At intersection,2,P.D. only,Within intersection,unknown,unknown,Turning movement,Unknown,Daylight,01 - Daylight,Regional municipality,Stop sign,Functioning,0,0,0,False,False,False,Clear,,False,KRUG ST; CEDAR ST N,3/4/2020 10:06:15 AM,,
45742,16-233746,1477148760000,2016,10,22,15,6,0,Saturday,543708.55326,4812433.74223,-80.459678,43.463546,Intersection related,1,Non-fatal injury,Thru lane,unknown,unknown,Rear end,Unknown,Daylight,01 - Daylight,Regional municipality,No control,unknown,0,0,0,False,False,False,Clear,,False,FREDERICK ST; TURNER AVE ; At,3/7/2019 1:21:24 PM,,
45743,16-233807,1477153620000,2016,10,22,16,27,0,Saturday,544958.86345,4811035.7926,-80.444338,43.450885,At/near private drive,2,P.D. only,Thru lane,unknown,unknown,Turning movement,Unknown,Daylight,01 - Daylight,Municipal (excl. Twp. Rd.),Stop sign,Functioning,0,0,0,False,False,False,Clear,,False,RIVER RD E; OTTAWA ST N; Near; 89 M,3/7/2019 1:21:23 PM,,
45744,16-234058,1477177200000,2016,10,22,23,0,0,Saturday,540219.87693,4809731.22033,-80.50300299999999,43.439408,Non intersection,2,P.D. only,Thru lane,unknown,unknown,SMV unattended vehicle,Unknown,Dark,07 - Dark,Municipal (excl. Twp. Rd.),No control,unknown,0,0,0,False,False,False,Clear,,False,PATRICIA AVE; PATRICIA AVE ; Near,3/4/2020 10:06:14 AM,,
45745,16-234343,1477080000000,2016,10,21,20,0,0,Friday,541068.0,4811108.0,0.0,0.0,Non intersection,2,P.D. only,Thru lane,unknown,unknown,SMV unattended vehicle,Unknown,Dark,07 - Dark,Municipal (excl. Twp. Rd.),No control,unknown,0,0,0,False,False,False,Clear,,False,SPRING CREEK ST; SPRING CREEK ST ; Near,3/4/2020 10:06:13 AM,,
45746,16-234483,1477231200000,2016,10,23,14,0,0,Sunday,538626.15042,4806622.41917,-80.522916,43.411500000000004,At/near private drive,2,P.D. only,Thru lane,unknown,unknown,Other,Unknown,Daylight,01 - Daylight,Municipal (excl. Twp. Rd.),No control,unknown,0,0,0,False,False,False,Clear,,False,WINDFLOWER DR; WINDFLOWER DR,3/4/2020 10:06:13 AM,,
45747,16-235284,1477326600000,2016,10,24,16,30,0,Monday,543986.97837,4803428.08095,-80.45696199999999,43.382442999999995,At/near private drive,2,P.D. only,Thru lane,unknown,unknown,SMV unattended vehicle,Unknown,Daylight,01 - Daylight,Municipal (excl. Twp. Rd.),No control,unknown,0,0,0,False,False,False,Clear,,False,HEARTHBRIDGE ST; HEARTHBRIDGE ST; At,3/4/2020 10:06:12 AM,,
45748,16-235735,1477247400000,2016,10,23,18,30,0,Sunday,547570.08227,4810720.84724,-80.412094,43.447888,Non intersection,2,P.D. only,Thru lane,unknown,unknown,SMV unattended vehicle,Unknown,"Dark, artificial","08 - Dark, artificial",Municipal (excl. Twp. Rd.),No control,unknown,0,0,0,False,False,False,Clear,,False,COUNTRY CLAIR ST; COUNTRY CLAIR ST; Near,3/4/2020 10:06:11 AM,,
45749,16-235830,1477377000000,2016,10,25,6,30,0,Tuesday,540779.02558,4812291.62993,-80.495902,43.462432,At intersection,2,P.D. only,Within intersection,unknown,unknown,Turning movement,Unknown,"Dawn, artificial","04 - Dawn, artificial",Municipal (excl. Twp. Rd.),Stop sign,Functioning,0,0,0,False,False,False,Clear,,False,GUELPH ST; BRUNSWICK AVE,3/4/2020 10:06:11 AM,,
45750,16-235915,1477409280000,2016,10,25,15,28,0,Tuesday,545850.517,4809418.24084,-80.433454,43.436267,Intersection related,2,P.D. only,Thru lane,unknown,unknown,SMV other,Unknown,Daylight,01 - Daylight,Municipal (excl. Twp. Rd.),Stop sign,Functioning,0,0,0,False,False,False,Clear,,False,BURGETZ AVE; THALER AVE,3/4/2020 10:06:10 AM,,
45751,16-236303,1477468080000,2016,10,26,7,48,0,Wednesday,539568.22534,4805926.02936,-80.511331,43.405181,At/near private drive,2,P.D. only,Thru lane,unknown,unknown,Turning movement,Unknown,Daylight,01 - Daylight,Municipal (excl. Twp. Rd.),No control,unknown,0,0,0,False,False,False,Clear,,False,MAX BECKER DR; MAX BECKER DR ; 3 M,3/4/2020 10:06:09 AM,,
45752,16-236341,1477470300000,2016,10,26,8,25,0,Wednesday,543854.98713,4809807.96081,-80.458079,43.439895,Other,1,Non-fatal injury,Not on roadway - left side,unknown,unknown,SMV other,Unknown,Daylight,01 - Daylight,Municipal (excl. Twp. Rd.),No control,unknown,0,0,0,False,False,False,Clear,,False,MONTGOMERY RD,3/4/2020 10:06:08 AM,,
45753,16-236432,1477476120000,2016,10,26,10,2,0,Wednesday,538930.80705,4807955.25227,-80.519058,43.423485,Non intersection,2,P.D. only,Thru lane,unknown,unknown,Rear end,Unknown,Daylight,01 - Daylight,Regional municipality,No control,unknown,0,0,0,False,False,False,Clear,,False,MCGARRY DR; FISCHER HALLMAN RD; Near; 15 M,3/4/2020 10:06:08 AM,,