OBJECTID,ACCIDENTNUM,ACCIDENTDATE,ACCIDENT_YEAR,ACCIDENT_MONTH,ACCIDENT_DAY,ACCIDENT_HOUR,ACCIDENT_MINUTE,ACCIDENT_SECOND,ACCIDENT_WEEKDAY,XCOORD,YCOORD,LONGITUDE,LATITUDE,ACCIDENTLOCATION,COLLISIONTYPE,CLASSIFICATIONOFACCIDENT,IMPACTLOCATION,INITIALDIRECTIONOFTRAVELONE,INITIALDIRECTIONOFTRAVELTWO,INITIALIMPACTTYPE,INTTRAFFICCONTROL,LIGHT,LIGHTFORREPORT,ROADJURISDICTION,TRAFFICCONTROL,TRAFFICCONTROLCONDITION,THRULANENO,NORTHBOUNDDISOBEYCOUNT,SOUTHBOUNDDISOBEYCOUNT,PEDESTRIANINVOLVED,CYCLISTINVOLVED,MOTORCYCLISTINVOLVED,ENVIRONMENTCONDITION1,ENVIRONMENTCONDITION2,SELFREPORTED,XMLIMPORTNOTES,LASTEDITEDDATE,CREATE_BY,CREATE_DATE
45891,16-265330,1480706100000,2016,12,2,19,15,0,Friday,541499.80729,4811996.57067,-80.487015,43.459736,Non intersection,2,P.D. only,Thru lane,unknown,unknown,Rear end,Unknown,"Dark, artificial","08 - Dark, artificial",Municipal (excl. Twp. Rd.),No control,Functioning,0,0,0,False,False,False,Rain,,False,WELLINGTON ST N; ST LEGER ST; Near; 15 M,3/7/2019 1:20:48 PM,,
45892,16-266392,1480831920000,2016,12,4,6,12,0,Sunday,540833.6418,4809798.48535,-80.495414,43.439980999999996,Non intersection,1,Non-fatal injury,Not on roadway - right side,unknown,unknown,SMV other,Unknown,"Dark, artificial","08 - Dark, artificial",Municipal (excl. Twp. Rd.),No control,unknown,0,0,0,False,False,False,Clear,,False,HIGHLAND RD E; RUBY ST; 73 M,3/7/2019 1:20:47 PM,,
45893,16-266453,1480841400000,2016,12,4,8,50,0,Sunday,544067.64415,4805165.22924,-80.455826,43.398078999999996,Non intersection,2,P.D. only,Off highway,unknown,unknown,SMV other,Unknown,Daylight,01 - Daylight,Regional municipality,No control,unknown,0,0,0,False,False,False,Clear,,False,HURON RD; HOMER WATSON BLVD; 98 M,3/7/2019 1:20:46 PM,,
45894,16-266889,1480896000000,2016,12,5,0,0,0,Monday,544519.67215,4807140.56967,-80.45008399999999,43.415839,Non intersection,2,P.D. only,Thru lane,unknown,unknown,SMV other,Unknown,Dark,07 - Dark,Regional municipality,No control,unknown,0,0,0,False,False,False,Snow,,False,WEBSTER RD; MANITOU DR ; Near; 100 M,3/4/2020 10:04:52 AM,,
45895,16-267184,1480735800000,2016,12,3,3,30,0,Saturday,544042.92221,4809124.91764,-80.455812,43.433734,At/near private drive,2,P.D. only,Thru lane,unknown,unknown,SMV unattended vehicle,Unknown,Dark,07 - Dark,Regional municipality,No control,unknown,0,0,0,False,False,False,Rain,,False,SECORD AVE; SECORD AVE,3/4/2020 10:04:52 AM,,
45896,16-267346,1480957260000,2016,12,5,17,1,0,Monday,541692.68391,4811509.27035,-80.484668,43.455337,At intersection,1,Non-fatal injury,Within intersection,unknown,unknown,Angle,Unknown,Dark,07 - Dark,Municipal (excl. Twp. Rd.),Stop sign,Functioning,0,0,0,False,False,False,Clear,,False,QUEEN ST N; ELLEN ST E,3/7/2019 1:20:45 PM,,
45897,16-267358,1480618800000,2016,12,1,19,0,0,Thursday,540605.76609,4810689.42308,-80.49816299999999,43.448015,At/near private drive,2,P.D. only,Thru lane,unknown,unknown,SMV unattended vehicle,Unknown,"Dark, artificial","08 - Dark, artificial",Municipal (excl. Twp. Rd.),No control,unknown,0,0,0,False,False,False,Clear,,False,HEINS AVE; HEINS AVE,3/4/2020 10:04:51 AM,,
45898,16-267774,1480415400000,2016,11,29,10,30,0,Tuesday,542670.25741,4816461.14484,-80.47219799999999,43.499869,Non intersection,2,P.D. only,Thru lane,unknown,unknown,SMV unattended vehicle,Unknown,Daylight,01 - Daylight,Municipal (excl. Twp. Rd.),No control,unknown,0,0,0,False,False,False,Clear,,False,EAGLECREST ST; EAGLECREST CRT ; Near,3/7/2019 1:20:43 PM,,
45899,16-267898,1481024880000,2016,12,6,11,48,0,Tuesday,541863.64259,4812694.0105,-80.482464,43.465995,Non intersection,2,Non-reportable,Thru lane,unknown,unknown,Sideswipe,Unknown,Daylight,01 - Daylight,Municipal (excl. Twp. Rd.),No control,unknown,0,0,0,False,False,False,Clear,,False,GUELPH ST; GUELPH ST; Near,3/4/2020 10:04:50 AM,,
45900,16-268192,1481050020000,2016,12,6,18,47,0,Tuesday,545622.53702,4810703.51075,-80.43616399999999,43.447852999999995,At intersection,1,Non-fatal injury,Within intersection,unknown,unknown,SMV other,Unknown,Dark,07 - Dark,Regional municipality,Stop sign,Functioning,0,0,0,True,False,False,Rain,,False,OLD CHICOPEE DR; EDENBRIDGE DR,3/4/2020 10:04:50 AM,,
45901,16-268212,1481020800000,2016,12,6,10,40,0,Tuesday,541601.63713,4809725.54291,-80.48593,43.439282,Non intersection,2,P.D. only,Thru lane,unknown,unknown,Rear end,Unknown,Daylight,01 - Daylight,Municipal (excl. Twp. Rd.),No control,unknown,0,0,0,False,False,False,Clear,,False,STIRLING AVE S; STIRLING AVE S,3/7/2019 1:20:42 PM,,
45902,16-268315,1481067480000,2016,12,6,23,38,0,Tuesday,538884.13029,4811463.33281,-80.519385,43.455075,Non intersection,2,P.D. only,Right shoulder,unknown,unknown,SMV other,Unknown,"Dark, artificial","08 - Dark, artificial",Regional municipality,No control,unknown,0,0,0,False,False,False,Rain,,False,UNION BLVD; BELMONT AVE W; Near; 18 M,3/7/2019 1:20:41 PM,,
45903,16-268633,1481116800000,2016,12,7,13,20,0,Wednesday,541581.42728,4810751.87075,-80.48610099999999,43.448524,At intersection,1,Non-fatal injury,Within intersection,unknown,unknown,Turning movement,Unknown,Daylight,01 - Daylight,Regional municipality,Stop sign,Functioning,0,0,0,False,False,False,Clear,,False,SCOTT ST; KING ST E,3/7/2019 1:20:40 PM,,
45904,16-268750,1481123400000,2016,12,7,15,10,0,Wednesday,542166.82201,4806039.31934,-80.47923,43.406059,At/near private drive,2,P.D. only,Thru lane,unknown,unknown,Other,Unknown,Daylight,01 - Daylight,Municipal (excl. Twp. Rd.),No control,unknown,0,0,0,False,False,False,Clear,,False,COLONY DR; COLONY DR ; At,3/4/2020 10:04:49 AM,,
45905,16-268833,1481046600000,2016,12,6,17,50,0,Tuesday,543565.4806,4812258.46244,-80.461461,43.461976,Non intersection,2,P.D. only,Thru lane,unknown,unknown,Sideswipe,Unknown,"Dark, artificial","08 - Dark, artificial",Regional municipality,No control,unknown,0,0,0,False,False,False,Rain,,False,FREDERICK ST; RIVER RD E; Near,3/7/2019 1:20:39 PM,,
45906,16-269300,1481195700000,2016,12,8,11,15,0,Thursday,546754.48318,4808393.76832,-80.422373,43.426986,Non intersection,2,P.D. only,Thru lane,unknown,unknown,Rear end,Unknown,Daylight,01 - Daylight,Municipal (excl. Twp. Rd.),No control,unknown,0,0,0,False,False,False,Snow,,False,MORGAN AVE; MORGAN AVE ; At; 20 M,3/4/2020 10:04:48 AM,,
45907,16-269421,1481197800000,2016,12,8,11,50,0,Thursday,537037.8426,4807886.50365,-80.542448,43.422962,Intersection related,2,P.D. only,Thru lane,unknown,unknown,Turning movement,Unknown,Daylight,01 - Daylight,Municipal (excl. Twp. Rd.),Stop sign,Functioning,0,0,0,False,False,False,Clear,,False,ROLLING MEADOWS DR ; WESTHEIGHTS DR,3/4/2020 10:04:48 AM,,
45908,16-269435,1481203800000,2016,12,8,13,30,0,Thursday,539522.30824,4809739.04955,-80.511622,43.439516,At/near private drive,2,P.D. only,Thru lane,unknown,unknown,Rear end,Unknown,Daylight,01 - Daylight,Municipal (excl. Twp. Rd.),No control,unknown,0,0,0,False,False,False,Snow,,False,LAWRENCE AVE; LAWRENCE AVE ; Near; 10 M,3/7/2019 1:20:38 PM,,
45909,16-269444,1481196600000,2016,12,8,11,30,0,Thursday,544755.16708,4808023.50093,-80.447102,43.423775,Intersection related,2,P.D. only,Thru lane,unknown,unknown,Rear end,Unknown,Daylight,01 - Daylight,Municipal (excl. Twp. Rd.),Traffic signal,Functioning,0,0,0,False,False,False,Snow,,False,TRAYNOR AVE; WILSON AVE; At,3/4/2020 10:04:47 AM,,
45910,16-269466,1481199900000,2016,12,8,12,25,0,Thursday,544025.29712,4808010.30093,-80.45612,43.423699,At intersection,2,P.D. only,Within intersection,unknown,unknown,Angle,Unknown,Daylight,01 - Daylight,Municipal (excl. Twp. Rd.),Stop sign,Functioning,0,0,0,False,False,False,Clear,,False,SIEBERT AVE; WOODHAVEN RD,3/4/2020 10:04:46 AM,,
45911,16-269583,1481217660000,2016,12,8,17,21,0,Thursday,547902.82493,4811319.08409,-80.407929,43.453253,At/near private drive,2,P.D. only,Thru lane,unknown,unknown,Other,Unknown,"Dark, artificial","08 - Dark, artificial",Municipal (excl. Twp. Rd.),No control,unknown,0,0,0,False,False,False,Snow,,False,OLD ZELLER DR; OLD ZELLER DR ; At; 3 M,3/7/2019 1:20:37 PM,,
45912,16-269586,1481217660000,2016,12,8,17,21,0,Thursday,542724.49471,4810040.26625,-80.47202999999999,43.442052,Non intersection,2,P.D. only,Thru lane,unknown,unknown,Rear end,Unknown,Dark,07 - Dark,Regional municipality,No control,unknown,0,0,0,False,False,False,Snow,,False,KING ST E; OTTAWA ST N; Near; 30 M,3/7/2019 1:20:36 PM,,
45913,16-269603,1481219760000,2016,12,8,17,56,0,Thursday,542216.9077,4810993.13844,-80.478229,43.450661,Intersection related,2,P.D. only,Not on roadway - right side,unknown,unknown,SMV other,Unknown,Dark,07 - Dark,Municipal (excl. Twp. Rd.),No control,unknown,0,0,0,False,False,False,Snow,,False,TROY ST; KRUG ST,3/7/2019 1:20:35 PM,,
45914,16-269666,1481221800000,2016,12,8,18,30,0,Thursday,546163.74875,4812312.15916,-80.429339,43.462303999999996,At intersection,2,P.D. only,Within intersection,unknown,unknown,Turning movement,Unknown,"Dark, artificial","08 - Dark, artificial",Municipal (excl. Twp. Rd.),Stop sign,Functioning,0,0,0,False,False,False,Clear,,False,KEEWATIN AVE; DENLOW ST,3/4/2020 10:04:45 AM,,
45915,16-269721,1481230800000,2016,12,8,21,0,0,Thursday,536491.36694,4809853.26462,-80.549067,43.440698,Non intersection,2,P.D. only,Thru lane,unknown,unknown,SMV other,Unknown,"Dusk, artificial","06 - Dusk, artificial",Regional municipality,No control,unknown,0,0,0,False,False,False,Snow,,False,WESTVALE GATE; UNIVERSITY AVE W; 20 M,3/7/2019 1:20:34 PM,,
45916,16-269944,1481271720000,2016,12,9,8,22,0,Friday,542570.49326,4805979.30222,-80.47425,43.405496,Intersection related,2,P.D. only,Thru lane,unknown,unknown,Rear end,Unknown,Daylight,01 - Daylight,Municipal (excl. Twp. Rd.),No control,unknown,0,0,0,False,False,False,Clear,,False,STRASBURG RD; SHOEMAKER ST; 10 M,3/4/2020 10:04:45 AM,,
45917,16-269950,1481272200000,2016,12,9,8,30,0,Friday,539486.24384,4811487.92753,-80.511941,43.455265,Non intersection,2,P.D. only,Thru lane,unknown,unknown,Rear end,Unknown,Daylight,01 - Daylight,Municipal (excl. Twp. Rd.),No control,unknown,0,0,0,False,False,False,Clear,,False,PARK ST; GILDNER ST; Near; 50 M,3/7/2019 1:20:33 PM,,
45918,16-270114,1481227200000,2016,12,8,20,0,0,Thursday,542306.34368,4811041.04095,-80.47712,43.451087,Intersection related,2,P.D. only,Off highway,unknown,unknown,SMV other,Unknown,Dark,07 - Dark,Regional municipality,Stop sign,Functioning,0,0,0,False,False,False,Snow,,False,KRUG ST; SAMUEL ST,3/4/2020 10:04:44 AM,,
45919,16-270236,1481293200000,2016,12,9,14,20,0,Friday,540359.10676,4806989.74019,-80.501485,43.414716,At/near private drive,2,P.D. only,Not on roadway - right side,unknown,unknown,SMV other,Unknown,Daylight,01 - Daylight,Municipal (excl. Twp. Rd.),No control,unknown,0,0,0,False,False,False,Snow,,False,LITTLEFIELD CRES; LITTLEFIELD CRES ; At; 2 M,3/4/2020 10:04:43 AM,,
45920,16-270281,1481298840000,2016,12,9,15,54,0,Friday,538550.46332,4805359.20886,-80.52394,43.40013,At/near private drive,1,Non-fatal injury,Thru lane,unknown,unknown,Rear end,Unknown,Daylight,01 - Daylight,Municipal (excl. Twp. Rd.),No control,unknown,0,0,0,False,False,False,Snow,,False,GRAVEL RIDGE TRAIL; GRAVEL RIDGE TRAIL ; 0 M,3/7/2019 1:20:31 PM,,
45921,16-270349,1481305260000,2016,12,9,17,41,0,Friday,541455.77751,4813276.4225,-80.487462,43.471261999999996,At/near private drive,2,P.D. only,Thru lane,unknown,unknown,SMV unattended vehicle,Unknown,"Dark, artificial","08 - Dark, artificial",Municipal (excl. Twp. Rd.),No control,unknown,0,0,0,False,False,False,Snow,,False,UNION ST; UNION ST; 1 M,3/4/2020 10:04:43 AM,,
45922,16-270380,1481308140000,2016,12,9,18,29,0,Friday,541194.32869,4808244.39107,-80.491074,43.425968,Non intersection,2,P.D. only,Thru lane,unknown,unknown,Angle,Unknown,Dark,07 - Dark,Municipal (excl. Twp. Rd.),No control,unknown,0,0,0,False,False,False,Snow,,False,CHANDLER DR ; STRASBURG RD ; 20 M,3/7/2019 1:20:30 PM,,
45923,16-270658,1481349600000,2016,12,10,6,0,0,Saturday,543403.71672,4804778.16299,-80.464055,43.394633,Other,2,P.D. only,Off highway,unknown,unknown,SMV other,Unknown,Dark,07 - Dark,Private property,No control,unknown,0,0,0,False,False,False,Snow,,False,OLD HURON RD ; OLD HURON RD; At; 0 M,3/7/2019 1:20:28 PM,,
45924,16-270773,1481319000000,2016,12,9,21,30,0,Friday,538893.97295,4810244.61622,-80.51935,43.444100999999996,At/near private drive,2,P.D. only,Off highway,unknown,unknown,SMV other,Unknown,Dark,07 - Dark,Private property,No control,unknown,0,0,0,False,False,False,Snow,,False,BRYBECK CRES; BRYBECK CRES; At; 7 M,3/4/2020 10:04:42 AM,,
45925,16-270837,1481371320000,2016,12,10,12,2,0,Saturday,539239.64201,4811190.95315,-80.51500999999999,43.452604,Non intersection,2,P.D. only,Not on roadway - right side,unknown,unknown,SMV other,Unknown,Daylight,01 - Daylight,Municipal (excl. Twp. Rd.),No control,unknown,0,0,0,False,False,False,Snow,,False,GLASGOW ST ; GLASGOW ST ; At; 1 M,3/7/2019 1:20:28 PM,,
45926,16-271102,1481401800000,2016,12,10,20,30,0,Saturday,540681.85746,4811614.2588,-80.497154,43.456337999999995,Intersection related,2,P.D. only,Thru lane,unknown,unknown,Rear end,Unknown,"Dark, artificial","08 - Dark, artificial",Regional municipality,Stop sign,Functioning,0,0,0,False,False,False,Snow,,False,WELLINGTON ST N; DUKE ST W; At,3/4/2020 10:04:41 AM,,
45927,16-271386,1481440260000,2016,12,11,7,11,0,Sunday,542471.625,4812921.94869,-80.474931,43.468013,Other,2,P.D. only,Not on roadway - right side,unknown,unknown,SMV other,Unknown,"Dawn, artificial","04 - Dawn, artificial",Regional municipality,Stop sign,Functioning,0,0,0,False,False,False,Snow,,False,SEREDA RD; GUELPH ST; 5 M,3/4/2020 10:04:41 AM,,
45928,16-271532,1481446800000,2016,12,11,9,0,0,Sunday,541558.67942,4803723.34766,-80.48691699999999,43.385239999999996,Non intersection,2,P.D. only,Thru lane,unknown,unknown,Sideswipe,Unknown,Daylight,01 - Daylight,Municipal (excl. Twp. Rd.),No control,unknown,0,0,0,False,False,False,Snow,,False,SIENNA CRES; WOODBINE AVE; Near,3/4/2020 10:04:40 AM,,
45929,16-271609,1481471820000,2016,12,11,15,57,0,Sunday,542865.2462,4814065.98718,-80.469974,43.478291999999996,At/near private drive,2,P.D. only,Thru lane,unknown,unknown,SMV other,Unknown,Daylight,01 - Daylight,Municipal (excl. Twp. Rd.),No control,unknown,0,0,0,False,False,False,Snow,,False,INGE CRT; INGE CRT ; 1 M,3/7/2019 1:20:26 PM,,
45930,16-271680,1481475720000,2016,12,11,17,2,0,Sunday,543215.0641,4808985.16098,-80.46605199999999,43.432524,Non intersection,2,P.D. only,Left shoulder,unknown,unknown,SMV other,Unknown,Dark,07 - Dark,Municipal (excl. Twp. Rd.),No control,unknown,0,0,0,False,False,False,Snow,,False,CARWOOD AVE; DIXON ST ; Near; 100 M,3/7/2019 1:20:25 PM,,
45931,16-272449,1481567880000,2016,12,12,18,38,0,Monday,540544.82522,4811765.77282,-80.498837,43.45771,Non intersection,2,P.D. only,Not on roadway - right side,unknown,unknown,SMV other,Unknown,"Daylight, artificial","02 - Daylight, artificial",Municipal (excl. Twp. Rd.),No control,unknown,0,0,0,False,False,False,Clear,,False,SHANLEY ST; SHANLEY ST ; Near; 6 M,3/4/2020 10:04:39 AM,,
45932,16-272998,1481635800000,2016,12,13,13,30,0,Tuesday,538629.29783,4809779.58507,-80.522654,43.439927,At/near private drive,2,P.D. only,Thru lane,unknown,unknown,SMV unattended vehicle,Unknown,Daylight,01 - Daylight,Municipal (excl. Twp. Rd.),No control,unknown,0,0,0,False,False,False,Clear,,False,MOOREGATE CRES; MOOREGATE CRES ; Near; 60 M,3/7/2019 1:20:24 PM,,
45933,16-273053,1481640780000,2016,12,13,14,53,0,Tuesday,541797.65282,4810620.91449,-80.48343899999999,43.447333,Intersection related,2,P.D. only,Right turn lane,unknown,unknown,Sideswipe,Unknown,Daylight,01 - Daylight,Regional municipality,Traffic signal,Functioning,0,0,0,False,False,False,Clear,,False,KING ST E; CEDAR ST N; Near; 5 M,3/7/2019 1:20:23 PM,,
45934,16-273149,1481649900000,2016,12,13,17,25,0,Tuesday,540334.40948,4805885.78469,-80.50187199999999,43.404778,At intersection,1,Non-fatal injury,Within intersection,unknown,unknown,Approaching,Unknown,"Dark, artificial","08 - Dark, artificial",Municipal (excl. Twp. Rd.),Stop sign,Functioning,0,0,0,False,False,False,Clear,,False,MAX BECKER DR; HELENA FEASBY ST,3/7/2019 1:20:21 PM,,
45935,16-273495,1481652000000,2016,12,13,18,0,0,Tuesday,536593.79989,4808573.64,-80.547887,43.429171,At/near private drive,2,P.D. only,Thru lane,unknown,unknown,SMV unattended vehicle,Unknown,"Dusk, artificial","06 - Dusk, artificial",Municipal (excl. Twp. Rd.),No control,unknown,0,0,0,False,False,False,Clear,,False,WESTMEADOW DR; WESTMEADOW DR,3/4/2020 10:04:38 AM,,
45936,16-273525,1481703480000,2016,12,14,8,18,0,Wednesday,537539.9116,4808514.65796,-80.536202,43.428593,Non intersection,2,P.D. only,Thru lane,unknown,unknown,Rear end,Unknown,Daylight,01 - Daylight,Municipal (excl. Twp. Rd.),No control,unknown,0,0,0,False,False,False,Clear,,False,BANKSIDE DR; BANKSIDE DR ; At; 1 M,3/7/2019 1:20:20 PM,,
45937,16-273863,1481731020000,2016,12,14,15,57,0,Wednesday,544687.85104,4809225.8736,-80.447836,43.434605,Intersection related,2,P.D. only,Thru lane,unknown,unknown,Rear end,Traffic signal,Dusk,05 - Dusk,Regional municipality,Traffic signal,Functioning,0,0,0,False,False,False,Clear,,False,FRANKLIN ST N; WEBER ST E; Near; 8 M,3/7/2019 1:20:19 PM,,
45938,16-274004,1481744460000,2016,12,14,19,41,0,Wednesday,545168.91511,4804441.3082,-80.442287,43.391496,Non intersection,2,P.D. only,Thru lane,unknown,unknown,SMV unattended vehicle,Unknown,Dark,07 - Dark,Municipal (excl. Twp. Rd.),No control,unknown,0,0,0,False,False,False,Snow,,False,HARVEST CRT; HARVEST CRT ; Near; 8 M,3/7/2019 1:20:19 PM,,
45939,16-274026,1481746320000,2016,12,14,20,12,0,Wednesday,545543.49874,4811126.20553,-80.437105,43.451664,At/near private drive,2,P.D. only,Thru lane,unknown,unknown,Other,Unknown,"Dark, artificial","08 - Dark, artificial",Municipal (excl. Twp. Rd.),No control,unknown,0,0,0,False,False,False,Snow,,False,HOLBORN DR ; LAMBERT PL ; 6 M,3/7/2019 1:20:17 PM,,
45940,16-274035,1481747760000,2016,12,14,20,36,0,Wednesday,541466.7055,4809539.1675,-80.487611,43.437611,Non intersection,2,P.D. only,Thru lane,unknown,unknown,Rear end,Unknown,Dark,07 - Dark,Municipal (excl. Twp. Rd.),Traffic signal,Functioning,0,0,0,False,False,False,Snow,,False,MILL ST; STIRLING AVE S; 5 M,3/7/2019 1:20:16 PM,,
45941,16-274084,1481753340000,2016,12,14,22,9,0,Wednesday,546725.46184,4811016.79553,-80.422507,43.450606,Non intersection,2,P.D. only,Thru lane,unknown,unknown,SMV unattended vehicle,Unknown,"Dark, artificial","08 - Dark, artificial",Municipal (excl. Twp. Rd.),No control,unknown,0,0,0,False,False,False,Snow,,False,ZELLER DR; SUSAN CRES; At; 14 M,3/7/2019 1:20:15 PM,,
45942,16-274098,1481754660000,2016,12,14,22,31,0,Wednesday,547661.33089,4810735.86513,-80.41096499999999,43.448017,At/near private drive,2,P.D. only,Not on roadway - right side,unknown,unknown,SMV other,Unknown,"Dark, artificial","08 - Dark, artificial",Municipal (excl. Twp. Rd.),No control,unknown,0,0,0,False,False,False,Snow,,False,COUNTRY CLAIR ST; COUNTRY CLAIR ST ; 4 M,3/7/2019 1:20:13 PM,,
45943,16-274277,1481732100000,2016,12,14,16,15,0,Wednesday,542982.13959,4806164.09525,-80.469152,43.407136,At/near private drive,2,P.D. only,Thru lane,unknown,unknown,Turning movement,Unknown,Daylight,01 - Daylight,Municipal (excl. Twp. Rd.),No control,unknown,0,0,0,False,False,False,Clear,,False,SHOEMAKER ST; SHOEMAKER ST,3/4/2020 10:04:38 AM,,
45944,16-274290,1481792100000,2016,12,15,8,55,0,Thursday,539950.14976,4811016.27114,-80.506242,43.450993,Overpass or bridge,2,P.D. only,Thru lane,unknown,unknown,SMV other,Unknown,Daylight,01 - Daylight,Municipal (excl. Twp. Rd.),No control,unknown,0,0,0,False,False,False,Snow,,False,PARK ST; CN RAIL; At; 0 M,3/7/2019 1:20:12 PM,,
45945,16-274338,1481794500000,2016,12,15,9,35,0,Thursday,539909.24517,4808493.67572,-80.50693199999999,43.428281999999996,Intersection related,2,P.D. only,Thru lane,unknown,unknown,SMV other,Unknown,Daylight,01 - Daylight,Regional municipality,Traffic signal,Functioning,0,0,0,False,False,False,Drifting Snow,,False,GREENBROOK DR ; WESTMOUNT RD E; 10 M,3/7/2019 1:20:11 PM,,
45946,16-274351,1481795280000,2016,12,15,9,48,0,Thursday,546792.14664,4804935.40676,-80.422203,43.395845,Non intersection,2,P.D. only,Thru lane,unknown,unknown,Sideswipe,Unknown,Daylight,01 - Daylight,Municipal (excl. Twp. Rd.),No control,unknown,0,0,0,False,False,False,Snow,,False,MILL PARK DR; MILL PARK DR ; Near; 10 M,3/7/2019 1:20:10 PM,,
45947,16-274498,1481801700000,2016,12,15,11,35,0,Thursday,538952.50139,4811050.49629,-80.518569,43.451353999999995,At intersection,2,P.D. only,Within intersection,unknown,unknown,Angle,Unknown,Daylight,01 - Daylight,Municipal (excl. Twp. Rd.),Stop sign,Functioning,0,0,0,False,False,False,Strong wind,,False,GLASGOW ST ; EARL ST,3/4/2020 10:04:37 AM,,
45948,16-274612,1481728200000,2016,12,14,15,10,0,Wednesday,544154.35435,4801936.22113,-80.455016,43.369,Non intersection,2,P.D. only,Thru lane,unknown,unknown,Rear end,Unknown,Daylight,01 - Daylight,Municipal (excl. Twp. Rd.),No control,unknown,0,0,0,False,False,False,Snow,,False,REIDEL DR; REIDEL DR; Near,3/4/2020 10:04:36 AM,,
45949,16-274791,1481827620000,2016,12,15,18,47,0,Thursday,538915.95221,4810254.78648,-80.519078,43.444191,At/near private drive,1,Non-fatal injury,Thru lane,unknown,unknown,Sideswipe,Unknown,"Dark, artificial","08 - Dark, artificial",Municipal (excl. Twp. Rd.),No control,unknown,0,0,0,False,False,False,Snow,,False,BRYBECK CRES ; BRYBECK CRES ; Near; 2 M,3/7/2019 1:20:09 PM,,
45950,16-274795,1481823900000,2016,12,15,17,45,0,Thursday,540964.24314,4811859.32267,-80.493645,43.458529,Intersection related,2,P.D. only,Within intersection,unknown,unknown,Angle,Unknown,Daylight,01 - Daylight,Municipal (excl. Twp. Rd.),Stop sign,Functioning,0,0,0,False,False,False,Snow,,False,AHRENS ST W; LOUISA ST,3/4/2020 10:04:36 AM,,
45951,16-275092,1481880780000,2016,12,16,9,33,0,Friday,542473.28459,4812921.47997,-80.47491,43.468008999999995,At intersection,2,P.D. only,Within intersection,unknown,unknown,Angle,Unknown,Daylight,01 - Daylight,Municipal (excl. Twp. Rd.),Stop sign,Missing/Damaged,0,0,0,False,False,False,Clear,,False,GUELPH ST; SPRING VALLEY RD,3/7/2019 1:20:07 PM,,
45952,16-275766,1481907600000,2016,12,16,17,0,0,Friday,544110.21171,4803343.39659,-80.45544699999999,43.381673,At/near private drive,2,P.D. only,Thru lane,unknown,unknown,SMV unattended vehicle,Unknown,Dark,07 - Dark,Municipal (excl. Twp. Rd.),No control,unknown,0,0,0,False,False,False,Other,,False,HEARTHWOOD CRES; HEARTHWOOD CRES ; Near,3/7/2019 1:20:06 PM,,
45953,16-275777,1481966400000,2016,12,17,9,20,0,Saturday,545062.46829,4807900.78188,-80.443316,43.422650999999995,Non intersection,2,P.D. only,Thru lane,unknown,unknown,Sideswipe,Unknown,Daylight,01 - Daylight,Municipal (excl. Twp. Rd.),No control,unknown,0,0,0,False,False,False,Snow,,False,KINGSWAY DR; WILSON AVE ; 40 M,3/7/2019 1:20:05 PM,,
45954,16-275917,1481976840000,2016,12,17,12,14,0,Saturday,545973.91905,4803905.20992,-80.43239299999999,43.38662,At/near private drive,2,P.D. only,Not on roadway - right side,unknown,unknown,SMV other,Unknown,Daylight,01 - Daylight,Municipal (excl. Twp. Rd.),No control,unknown,0,0,0,False,False,False,Snow,,False,DOON MILLS DR; DOON MILLS DR ; 2 M,3/7/2019 1:20:04 PM,,
45955,16-275941,1481823900000,2016,12,15,17,45,0,Thursday,540252.26014,4810732.64679,-80.502529,43.448423,Non intersection,2,Non-reportable,Thru lane,unknown,unknown,Rear end,Unknown,Daylight,01 - Daylight,Municipal (excl. Twp. Rd.),No control,unknown,0,0,0,False,False,False,Snow,,False,PARK ST; VICTORIA ST S; Near,3/7/2019 1:20:03 PM,,
45956,16-276042,1481986140000,2016,12,17,14,49,0,Saturday,539551.8002,4811758.93204,-80.511111,43.457701,At/near private drive,2,P.D. only,Thru lane,unknown,unknown,Angle,Unknown,Daylight,01 - Daylight,Municipal (excl. Twp. Rd.),No control,unknown,0,0,0,False,False,False,Clear,,False,PINE ST; PINE ST ; At; 4 M,3/7/2019 1:20:02 PM,,
45957,16-276148,1481994180000,2016,12,17,17,3,0,Saturday,545414.8953,4813760.65769,-80.438475,43.475392,Non intersection,2,P.D. only,Not on roadway - left side,unknown,unknown,SMV other,Unknown,"Dark, artificial","08 - Dark, artificial",Municipal (excl. Twp. Rd.),No control,unknown,0,0,0,False,False,False,Freezing Rain,,False,SHIRLEY DR; SHIRLEY DR ; Near; 30 M,3/7/2019 1:20:01 PM,,
45958,16-276188,1481997900000,2016,12,17,18,5,0,Saturday,545433.5464,4808341.12537,-80.438696,43.426594,At intersection,1,Non-fatal injury,Within intersection,unknown,unknown,SMV other,Unknown,Dark,07 - Dark,Municipal (excl. Twp. Rd.),Stop sign,Functioning,0,0,0,True,False,False,Clear,,False,CEDARWOODS CRES; KINGSWAY DR,3/7/2019 1:20:00 PM,,
45959,16-276202,1482000240000,2016,12,17,18,44,0,Saturday,542388.17687,4812462.27107,-80.47599799999999,43.463879,Non intersection,1,Non-fatal injury,Thru lane,unknown,unknown,Sideswipe,Unknown,Dark,07 - Dark,Municipal (excl. Twp. Rd.),No control,unknown,0,0,0,False,False,False,Freezing Rain,,False,WELLINGTON ST N; WELLINGTON ST N; At; 20 M,3/7/2019 1:19:59 PM,,