OBJECTID,ACCIDENTNUM,ACCIDENTDATE,ACCIDENT_YEAR,ACCIDENT_MONTH,ACCIDENT_DAY,ACCIDENT_HOUR,ACCIDENT_MINUTE,ACCIDENT_SECOND,ACCIDENT_WEEKDAY,XCOORD,YCOORD,LONGITUDE,LATITUDE,ACCIDENTLOCATION,COLLISIONTYPE,CLASSIFICATIONOFACCIDENT,IMPACTLOCATION,INITIALDIRECTIONOFTRAVELONE,INITIALDIRECTIONOFTRAVELTWO,INITIALIMPACTTYPE,INTTRAFFICCONTROL,LIGHT,LIGHTFORREPORT,ROADJURISDICTION,TRAFFICCONTROL,TRAFFICCONTROLCONDITION,THRULANENO,NORTHBOUNDDISOBEYCOUNT,SOUTHBOUNDDISOBEYCOUNT,PEDESTRIANINVOLVED,CYCLISTINVOLVED,MOTORCYCLISTINVOLVED,ENVIRONMENTCONDITION1,ENVIRONMENTCONDITION2,SELFREPORTED,XMLIMPORTNOTES,LASTEDITEDDATE,CREATE_BY,CREATE_DATE
45960,16-276280,1482010140000,2016,12,17,21,29,0,Saturday,543959.91417,4813146.1072,-80.456514,43.469946,Non intersection,2,P.D. only,Right shoulder,unknown,unknown,SMV other,Unknown,"Daylight, artificial","02 - Daylight, artificial",Municipal (excl. Twp. Rd.),No control,unknown,0,0,0,False,False,False,Snow,,False,SHIRLEY AVE; SHIRLEY AVE ; Near; 40 M,3/7/2019 1:19:58 PM,,
45961,16-276410,1482022440000,2016,12,18,0,54,0,Sunday,539700.80016,4808251.30592,-80.509525,43.426111,At/near private drive,2,P.D. only,Not on roadway - right side,unknown,unknown,SMV unattended vehicle,Unknown,"Dark, artificial","08 - Dark, artificial",Municipal (excl. Twp. Rd.),No control,unknown,0,0,0,False,False,False,Snow,,False,VILLAGE RD; VILLAGE RD ; At; 1 M,3/7/2019 1:19:57 PM,,
45962,16-276555,1482055740000,2016,12,18,10,9,0,Sunday,545293.77809,4803388.78735,-80.440833,43.382011,Non intersection,1,Non-fatal injury,Thru lane,unknown,unknown,Approaching,Unknown,Daylight,01 - Daylight,Municipal (excl. Twp. Rd.),No control,unknown,0,0,0,False,False,False,Snow,,False,FOREST CREEK DR ; CREEK RIDGE ST ; 45 M,3/7/2019 1:19:56 PM,,
45963,16-276640,1482065040000,2016,12,18,12,44,0,Sunday,545146.92663,4804206.24617,-80.442578,43.389381,At/near private drive,2,P.D. only,Thru lane,unknown,unknown,Other,Unknown,Daylight,01 - Daylight,Municipal (excl. Twp. Rd.),No control,unknown,0,0,0,False,False,False,Clear,,False,ANVIL ST; ANVIL ST ; At; 10 M,3/7/2019 1:19:54 PM,,
45964,16-276663,1481978400000,2016,12,17,12,40,0,Saturday,536005.84962,4809171.75408,-80.555111,43.434585,At/near private drive,2,P.D. only,Thru lane,unknown,unknown,SMV unattended vehicle,Unknown,Daylight,01 - Daylight,Municipal (excl. Twp. Rd.),No control,unknown,0,0,0,False,False,False,Rain,,False,SASSAFRAS ST; SASSAFRAS ST,3/7/2019 1:19:53 PM,,
45965,16-276708,1481994780000,2016,12,17,17,13,0,Saturday,539234.80011,4808859.36599,-80.515238,43.43161,Non intersection,2,P.D. only,Right shoulder,unknown,unknown,SMV unattended vehicle,Unknown,"Dark, artificial","08 - Dark, artificial",Municipal (excl. Twp. Rd.),No control,unknown,0,0,0,False,False,False,Clear,,False,QUEENS BLVD; QUEENS BLVD ; Near,3/7/2019 1:19:52 PM,,
45966,16-276723,1482060600000,2016,12,18,11,30,0,Sunday,542107.46712,4807129.84762,-80.479879,43.415881999999996,At intersection,2,P.D. only,Thru lane,unknown,unknown,Rear end,Unknown,Daylight,01 - Daylight,Regional municipality,Traffic signal,Functioning,0,0,0,False,False,False,Clear,,False,STRASBURG RD ; BLOCK LINE RD,3/7/2019 1:19:50 PM,,
45967,16-277185,1482138000000,2016,12,19,9,0,0,Monday,539572.82144,4806249.0018,-80.511251,43.408089,Non intersection,2,P.D. only,Thru lane,unknown,unknown,Sideswipe,Unknown,Daylight,01 - Daylight,Municipal (excl. Twp. Rd.),No control,unknown,0,0,0,False,False,False,Clear,,False,ACTIVA AVE; COPPER LEAF ST; Near,3/7/2019 1:19:49 PM,,
45968,16-277266,1482143400000,2016,12,19,10,30,0,Monday,545923.49956,4804797.50145,-80.432941,43.394656999999995,Other,2,P.D. only,Right turn lane,unknown,unknown,Turning movement,Unknown,Daylight,01 - Daylight,Private property,Yield sign,Functioning,0,0,0,False,False,False,Clear,,False,PIONEER DR; PIONEER DR ; At,3/7/2019 1:19:48 PM,,
45969,16-277302,1482151140000,2016,12,19,12,39,0,Monday,547727.32142,4806119.60742,-80.410553,43.406448999999995,Intersection related,2,P.D. only,Thru lane,unknown,unknown,Turning movement,Unknown,Daylight,01 - Daylight,Municipal (excl. Twp. Rd.),Stop sign,Functioning,0,0,0,False,False,False,Clear,,False,DEER RIDGE DR; FALL HARVEST DR ; At,3/7/2019 1:19:47 PM,,
45970,16-277429,1482162420000,2016,12,19,15,47,0,Monday,545950.64845,4809734.34137,-80.43218999999999,43.439107,At/near private drive,2,P.D. only,Thru lane,unknown,unknown,Turning movement,Unknown,Daylight,01 - Daylight,Municipal (excl. Twp. Rd.),No control,unknown,0,0,0,False,False,False,Clear,,False,VERONICA DR; VERONICA DR ; Near; 1 M,3/7/2019 1:19:46 PM,,
45971,16-277516,1482058800000,2016,12,18,11,0,0,Sunday,542138.34057,4810684.7218,-80.479224,43.447888,Non intersection,2,P.D. only,Other,unknown,unknown,SMV unattended vehicle,Unknown,Daylight,01 - Daylight,Municipal (excl. Twp. Rd.),No control,unknown,0,0,0,False,False,False,Clear,,False,CAMERON ST N; CAMERON ST N,3/7/2019 1:19:45 PM,,
45972,16-277575,1482175200000,2016,12,19,19,20,0,Monday,540796.09733,4809183.32085,-80.495924,43.434444,Intersection related,1,Non-fatal injury,Thru lane,unknown,unknown,SMV other,Stop sign,"Dark, artificial","08 - Dark, artificial",Municipal (excl. Twp. Rd.),Stop sign,Functioning,0,0,0,True,False,False,Clear,,False,PLEASANT AVE; STIRLING AVE S,3/7/2019 1:19:44 PM,,
45973,16-277673,1482189000000,2016,12,19,23,10,0,Monday,541794.56584,4814999.29918,-80.483141,43.486756,At/near private drive,2,P.D. only,Other,unknown,unknown,SMV other,Unknown,Dark,07 - Dark,Municipal (excl. Twp. Rd.),No control,unknown,0,0,0,False,False,False,Clear,,False,WOOLWICH ST; WOOLWICH ST ; At; 0 M,3/7/2019 1:19:42 PM,,
45974,16-277674,1482189360000,2016,12,19,23,16,0,Monday,544755.16072,4808024.45948,-80.447102,43.423783,Intersection related,2,Non-reportable,Right shoulder,unknown,unknown,SMV other,Unknown,"Dark, artificial","08 - Dark, artificial",Municipal (excl. Twp. Rd.),Traffic signal,Functioning,0,0,0,False,False,False,Snow,,False,WILSON AVE; TRAYNOR AVE; 60 M,3/7/2019 1:19:42 PM,,
45975,16-277833,1482169500000,2016,12,19,17,45,0,Monday,542239.12561,4810335.93475,-80.478005,43.444742,Intersection related,1,Non-fatal injury,Right turn lane,unknown,unknown,Rear end,Traffic signal,Dark,07 - Dark,Regional municipality,Traffic signal,Functioning,0,0,0,False,False,False,Clear,,False,FAIRVIEW AVE; KING ST E,3/7/2019 1:19:40 PM,,
45976,16-277922,1482160200000,2016,12,19,15,10,0,Monday,543248.54799,4804519.25982,-80.465992,43.392311,At intersection,2,P.D. only,Within intersection,unknown,unknown,Turning movement,Unknown,Daylight,01 - Daylight,Regional municipality,Yield sign,Functioning,0,0,0,False,False,False,Clear,,False,STRASBURG RD; HURON RD,3/7/2019 1:19:39 PM,,
45977,16-278026,1482233400000,2016,12,20,11,30,0,Tuesday,540743.37517,4811486.49341,-80.496403,43.455185,Non intersection,2,P.D. only,Thru lane,unknown,unknown,Other,Unknown,Daylight,01 - Daylight,Municipal (excl. Twp. Rd.),No control,unknown,0,0,0,False,False,False,Clear,,False,DUKE ST W; DUKE ST W,3/7/2019 1:19:38 PM,,
45978,16-278671,1482312900000,2016,12,21,9,35,0,Wednesday,541183.548,4810690.70434,-80.491023,43.447995,Intersection related,2,P.D. only,Thru lane,unknown,unknown,SMV other,Unknown,Daylight,01 - Daylight,Municipal (excl. Twp. Rd.),Traffic signal,Functioning,0,0,0,False,False,False,Clear,,False,JOSEPH ST; QUEEN ST S,3/7/2019 1:19:37 PM,,
45979,16-278682,1482313680000,2016,12,21,9,48,0,Wednesday,540205.03439,4809445.70298,-80.503207,43.436837999999995,Non intersection,2,P.D. only,Thru lane,unknown,unknown,Sideswipe,Unknown,Daylight,01 - Daylight,Municipal (excl. Twp. Rd.),No control,unknown,0,0,0,False,False,False,Clear,,False,QUEENS BLVD ; BELMONT AVE E; Near; 45 M,3/7/2019 1:19:36 PM,,
45980,16-278738,1482313500000,2016,12,21,9,45,0,Wednesday,541343.35317,4809062.60245,-80.489171,43.433327,At intersection,2,P.D. only,Within intersection,unknown,unknown,Turning movement,Unknown,Daylight,01 - Daylight,Municipal (excl. Twp. Rd.),Stop sign,Functioning,0,0,0,False,False,False,Clear,,False,HIGHLAND RD E; HEIMAN ST,3/7/2019 1:19:35 PM,,
45981,16-278931,1482323100000,2016,12,21,12,25,0,Wednesday,547165.96496,4808352.08893,-80.417293,43.426584999999996,At/near private drive,2,P.D. only,Thru lane,unknown,unknown,SMV unattended vehicle,Unknown,Daylight,01 - Daylight,Municipal (excl. Twp. Rd.),No control,unknown,0,0,0,False,False,False,Clear,,False,LEWIS CRES; LEWIS CRES,3/7/2019 1:19:34 PM,,
45982,16-279132,1482358080000,2016,12,21,22,8,0,Wednesday,542237.49316,4806972.47098,-80.478286,43.414457,At/near private drive,2,P.D. only,Thru lane,unknown,unknown,Rear end,Unknown,"Daylight, artificial","02 - Daylight, artificial",Municipal (excl. Twp. Rd.),Traffic signal,Functioning,0,0,0,False,False,False,Clear,,False,STRASBURG RD; STRASBURG RD ; At; 6 M,3/7/2019 1:19:33 PM,,
45983,16-279339,1482166800000,2016,12,19,17,0,0,Monday,544843.49409,4809685.97827,-80.445875,43.438738,Non intersection,2,P.D. only,Thru lane,unknown,unknown,Rear end,Unknown,"Dusk, artificial","06 - Dusk, artificial",Municipal (excl. Twp. Rd.),No control,unknown,0,0,0,False,False,False,Clear,,False,FRANKLIN ST N; FRANKLIN ST N,3/7/2019 1:19:32 PM,,
45984,16-279611,1482418800000,2016,12,22,15,0,0,Thursday,545135.69111,4804515.89579,-80.442691,43.392168999999996,Non intersection,2,P.D. only,Thru lane,unknown,unknown,SMV unattended vehicle,Unknown,Daylight,01 - Daylight,Municipal (excl. Twp. Rd.),No control,unknown,0,0,0,False,False,False,Clear,,False,HARVEST CRT; HARVEST CRT ; Near; 1 M,3/7/2019 1:19:31 PM,,
45985,16-279646,1482417900000,2016,12,22,14,45,0,Thursday,539296.0346,4811573.2576,-80.514286,43.456043,Non intersection,2,P.D. only,Thru lane,unknown,unknown,Rear end,Unknown,Daylight,01 - Daylight,Municipal (excl. Twp. Rd.),No control,unknown,0,0,0,False,False,False,Clear,,False,PARK ST; MT HOPE ST; Near,3/7/2019 1:19:30 PM,,
45986,16-279754,1482399000000,2016,12,22,9,30,0,Thursday,538405.44895,4805239.44628,-80.525739,43.399059,At/near private drive,2,P.D. only,Right shoulder,unknown,unknown,SMV unattended vehicle,Unknown,Daylight,01 - Daylight,Municipal (excl. Twp. Rd.),No control,unknown,0,0,0,False,False,False,Clear,,False,ELIZA AVE; ELIZA AVE,3/7/2019 1:19:29 PM,,
45987,16-279881,1482450600000,2016,12,22,23,50,0,Thursday,544069.89635,4804132.5669,-80.455882,43.388780999999994,Non intersection,2,P.D. only,Left shoulder,unknown,unknown,SMV other,Unknown,Dark,07 - Dark,Municipal (excl. Twp. Rd.),No control,unknown,0,0,0,False,False,False,Clear,,False,BIEHN DR; BIEHN DR ; At; 1 M,3/7/2019 1:19:28 PM,,
45988,16-280003,1482480060000,2016,12,23,8,1,0,Friday,543752.23714,4805552.86109,-80.45969,43.401588,Intersection related,2,P.D. only,Not on roadway - right side,unknown,unknown,SMV other,Unknown,Daylight,01 - Daylight,Municipal (excl. Twp. Rd.),Stop sign,Functioning,0,0,0,False,False,False,Clear,,False,TRILLIUM DR ; BEASLEY DR,3/7/2019 1:19:27 PM,,
45989,16-280036,1482394500000,2016,12,22,8,15,0,Thursday,544681.8863,4808320.49431,-80.447983,43.426452999999995,At intersection,2,P.D. only,Within intersection,unknown,unknown,Turning movement,Unknown,Daylight,01 - Daylight,Municipal (excl. Twp. Rd.),Stop sign,Functioning,0,0,0,False,False,False,Clear,,False,GREENFIELD AVE; WOODHAVEN RD,3/7/2019 1:19:26 PM,,
45990,16-280065,1482486300000,2016,12,23,9,45,0,Friday,537229.78768,4807562.56486,-80.540099,43.420035999999996,Other,2,P.D. only,Off highway,unknown,unknown,SMV other,Unknown,Daylight,01 - Daylight,Private property,No control,unknown,0,0,0,False,False,False,Snow,,False,WESTHEIGHTS DR ; BROKEN OAK CRES,3/7/2019 1:19:25 PM,,
45991,16-280216,1482474600000,2016,12,23,6,30,0,Friday,545944.67439,4809298.88943,-80.432301,43.435185999999995,At/near private drive,2,Non-reportable,Thru lane,unknown,unknown,SMV unattended vehicle,Unknown,Dark,07 - Dark,Regional municipality,No control,unknown,0,0,0,False,False,False,Clear,,False,THALER AVE; THALER AVE,3/7/2019 1:19:24 PM,,
45992,16-280345,1482507540000,2016,12,23,15,39,0,Friday,539593.60069,4810040.97213,-80.510719,43.442231,At/near private drive,2,P.D. only,Thru lane,unknown,unknown,Angle,Unknown,Daylight,01 - Daylight,Regional municipality,No control,unknown,0,0,0,False,False,False,Clear,,False,BELMONT AVE E; HIGHLAND RD W; Near,3/7/2019 1:19:23 PM,,
45993,16-280675,1482546600000,2016,12,24,2,30,0,Saturday,540381.36707,4809536.49647,-80.50102199999999,43.437646,Non intersection,2,P.D. only,Thru lane,unknown,unknown,SMV other,Unknown,Dark,07 - Dark,Municipal (excl. Twp. Rd.),No control,unknown,0,0,0,False,False,False,Freezing Rain,,False,QUEENS BLVD; QUEENS BLVD ; Near; 8 M,3/7/2019 1:19:22 PM,,
45994,16-280872,1482581820000,2016,12,24,12,17,0,Saturday,539983.48249,4810977.30078,-80.505833,43.450641,At/near private drive,1,Non-fatal injury,Thru lane,unknown,unknown,Turning movement,Unknown,Daylight,01 - Daylight,Municipal (excl. Twp. Rd.),No control,unknown,0,0,0,False,False,False,Clear,,False,PARK ST; PARK ST ; 3 M,3/7/2019 1:19:21 PM,,
45995,16-280980,1482594000000,2016,12,24,15,40,0,Saturday,542582.10327,4810125.61253,-80.473783,43.442828999999996,At intersection,2,P.D. only,Within intersection,unknown,unknown,Turning movement,Unknown,Daylight,01 - Daylight,Regional municipality,Traffic signal,Functioning,0,0,0,False,False,False,Rain,,False,KING ST E; BORDEN AVE N,3/7/2019 1:19:20 PM,,
45996,16-281367,1482609600000,2016,12,24,20,0,0,Saturday,540123.36018,4811462.43419,-80.50406799999999,43.455000999999996,At/near private drive,2,P.D. only,Thru lane,unknown,unknown,SMV unattended vehicle,Unknown,"Dark, artificial","08 - Dark, artificial",Municipal (excl. Twp. Rd.),No control,unknown,0,0,0,False,False,False,Clear,,False,LOUISA ST; LOUISA ST ; Near; 3 M,3/7/2019 1:19:19 PM,,
45997,16-281570,1482696660000,2016,12,25,20,11,0,Sunday,544903.38021,4808965.618,-80.445194,43.432249,Non intersection,1,Non-fatal injury,Thru lane,unknown,unknown,SMV other,Unknown,"Dark, artificial","08 - Dark, artificial",Municipal (excl. Twp. Rd.),No control,unknown,0,0,0,True,False,False,Clear,,False,KINGSWAY DR; NINTH AVE ; 127 M,3/7/2019 1:19:17 PM,,
45998,16-281578,1482696000000,2016,12,25,20,0,0,Sunday,538904.45973,4810135.92148,-80.519228,43.443121999999995,At/near private drive,2,P.D. only,Thru lane,unknown,unknown,SMV unattended vehicle,Unknown,"Dark, artificial","08 - Dark, artificial",Municipal (excl. Twp. Rd.),No control,unknown,0,0,0,False,False,False,Clear,,False,KARN ST; KARN ST ; 5 M,3/7/2019 1:19:16 PM,,
45999,16-281759,1482736020000,2016,12,26,7,7,0,Monday,540807.54028,4809199.68325,-80.495781,43.434591,Intersection related,2,P.D. only,Right shoulder,unknown,unknown,SMV other,Unknown,Daylight,01 - Daylight,Municipal (excl. Twp. Rd.),No control,unknown,0,0,0,False,False,False,Freezing Rain,,False,STIRLING AVE S; PLEASANT AVE; Near; 10 M,3/7/2019 1:19:15 PM,,
46000,16-281794,1482739800000,2016,12,26,8,10,0,Monday,542106.47513,4807134.63507,-80.479891,43.415925,Intersection related,2,P.D. only,Not on roadway - left side,unknown,unknown,SMV other,Unknown,Daylight,01 - Daylight,Regional municipality,Traffic signal,Functioning,0,0,0,False,False,False,Freezing Rain,,False,STRASBURG RD; BLOCK LINE RD,3/7/2019 1:19:14 PM,,
46001,16-281799,1482740760000,2016,12,26,8,26,0,Monday,538969.61147,4805583.09195,-80.518748,43.402124,Non intersection,2,P.D. only,Right shoulder,unknown,unknown,SMV unattended vehicle,Unknown,Daylight,01 - Daylight,Municipal (excl. Twp. Rd.),No control,unknown,0,0,0,False,False,False,Freezing Rain,,False,SNOWDROP CRES; ACTIVA AVE ; 65 M,3/7/2019 1:19:13 PM,,
46002,16-281808,1482678000000,2016,12,25,15,0,0,Sunday,543703.41137,4811268.51122,-80.459835,43.453055,At/near private drive,2,P.D. only,Thru lane,unknown,unknown,SMV unattended vehicle,Unknown,Daylight,01 - Daylight,Municipal (excl. Twp. Rd.),No control,unknown,0,0,0,False,False,False,Clear,,False,DONALD ST; DONALD ST; At,3/7/2019 1:19:11 PM,,
46003,16-281825,1482740940000,2016,12,26,8,29,0,Monday,539558.53358,4807770.76693,-80.51131699999999,43.421791,Non intersection,2,P.D. only,Thru lane,unknown,unknown,SMV unattended vehicle,Unknown,Daylight,01 - Daylight,Municipal (excl. Twp. Rd.),No control,unknown,0,0,0,False,False,False,Freezing Rain,,False,GREENBROOK DR; SWEERBRIAR DR; Near; 20 M,3/7/2019 1:19:10 PM,,
46004,16-281831,1482623100000,2016,12,24,23,45,0,Saturday,543522.91907,4808055.25461,-80.462322,43.424133,Non intersection,2,P.D. only,Thru lane,unknown,unknown,SMV unattended vehicle,Unknown,Dark,07 - Dark,Municipal (excl. Twp. Rd.),No control,unknown,0,0,0,False,False,False,Clear,,False,HILLMOUNT ST; HILLMOUNT ST ; Near,3/7/2019 1:19:09 PM,,
46005,16-281844,1482738900000,2016,12,26,7,55,0,Monday,544091.34156,4804625.49891,-80.45557699999999,43.393218,At intersection,1,Non-fatal injury,Within intersection,unknown,unknown,Angle,Unknown,Daylight,01 - Daylight,Municipal (excl. Twp. Rd.),Stop sign,Functioning,0,0,0,False,False,False,Freezing Rain,,False,BLACK WALNUT DR; BIEHN DR,3/7/2019 1:19:08 PM,,
46006,16-281860,1482612300000,2016,12,24,20,45,0,Saturday,547183.96067,4809028.51239,-80.417012,43.432674999999996,At/near private drive,2,Non-reportable,Thru lane,unknown,unknown,SMV unattended vehicle,Unknown,"Dark, artificial","08 - Dark, artificial",Municipal (excl. Twp. Rd.),No control,unknown,0,0,0,False,False,False,Clear,,False,QUINTE CRES; QUINTE CRES; At,3/7/2019 1:19:07 PM,,
46007,16-281939,1482747300000,2016,12,26,10,15,0,Monday,540670.27144,4809993.44672,-80.497418,43.441745,Intersection related,2,P.D. only,Thru lane,unknown,unknown,Turning movement,Unknown,Daylight,01 - Daylight,Regional municipality,Stop sign,Functioning,0,0,0,False,False,False,Clear,,False,BROCK ST; QUEEN ST S,3/7/2019 1:19:06 PM,,
46008,16-281971,1482738300000,2016,12,26,7,45,0,Monday,548019.61326,4810813.52897,-80.40652999999999,43.448693999999996,Non intersection,2,P.D. only,Thru lane,unknown,unknown,SMV unattended vehicle,Unknown,Daylight,01 - Daylight,Municipal (excl. Twp. Rd.),No control,unknown,0,0,0,False,False,False,Rain,,False,COLTON CIR; COLTON CIR ; 1 M,3/7/2019 1:19:05 PM,,
46009,16-281988,1482762480000,2016,12,26,14,28,0,Monday,543986.57688,4807778.29699,-80.456617,43.421611999999996,At intersection,2,P.D. only,Within intersection,unknown,unknown,Angle,Unknown,Daylight,01 - Daylight,Municipal (excl. Twp. Rd.),Stop sign,Functioning,0,0,0,False,False,False,Rain,,False,SIEBERT AVE ; VANIER DR,3/7/2019 1:19:04 PM,,
46010,16-282090,1482739200000,2016,12,26,8,0,0,Monday,542381.72669,4810822.31273,-80.476205,43.449113,At/near private drive,2,P.D. only,Thru lane,unknown,unknown,SMV unattended vehicle,Unknown,"Dark, artificial","08 - Dark, artificial",Regional municipality,No control,unknown,0,0,0,False,False,False,Freezing Rain,,False,CAMERON ST N; WEBER ST E; Near,3/7/2019 1:19:02 PM,,
46011,16-282388,1482593400000,2016,12,24,15,30,0,Saturday,541141.93586,4805827.64615,-80.49190399999999,43.40421,At/near private drive,2,P.D. only,Thru lane,unknown,unknown,SMV unattended vehicle,Unknown,Daylight,01 - Daylight,Municipal (excl. Twp. Rd.),No control,unknown,0,0,0,False,False,False,Clear,,False,MARLIS CRES; MARLIS CRES; At,3/7/2019 1:19:01 PM,,
46012,16-282421,1482760800000,2016,12,26,14,0,0,Monday,539986.72808,4809727.4544,-80.505884,43.439386999999996,At/near private drive,2,P.D. only,Thru lane,unknown,unknown,SMV unattended vehicle,Unknown,Daylight,01 - Daylight,Municipal (excl. Twp. Rd.),No control,unknown,0,0,0,False,False,False,Clear,,False,NORTH DR; NORTH DR; At,3/7/2019 1:19:00 PM,,
46013,16-282552,1482740100000,2016,12,26,8,15,0,Monday,540279.3676,4808057.66889,-80.502391,43.424336,Non intersection,2,P.D. only,Thru lane,unknown,unknown,Sideswipe,Unknown,Daylight,01 - Daylight,Municipal (excl. Twp. Rd.),No control,unknown,0,0,0,False,False,False,Clear,,False,GILMOUR CRES; GILMOUR CRES; Near,3/7/2019 1:18:59 PM,,
46014,16-282868,1482880320000,2016,12,27,23,12,0,Tuesday,539715.97945,4805903.93358,-80.509508,43.404973999999996,At/near private drive,2,P.D. only,Not on roadway - left side,unknown,unknown,SMV other,Unknown,"Dark, artificial","08 - Dark, artificial",Municipal (excl. Twp. Rd.),No control,unknown,0,0,0,False,False,False,Clear,,False,BRIDLEWREATH CRT; BRIDLEWREATH CRT ; 12 M,3/7/2019 1:18:58 PM,,
46015,16-283166,1482929040000,2016,12,28,12,44,0,Wednesday,544132.28339,4809670.8925,-80.454664,43.438645,At intersection,2,P.D. only,Within intersection,unknown,unknown,Other,Unknown,Daylight,01 - Daylight,Municipal (excl. Twp. Rd.),Stop sign,Functioning,0,0,0,False,False,False,Snow,,False,ROSS AVE; PROSPECT AVE,3/7/2019 1:18:57 PM,,
46016,16-283251,1482924600000,2016,12,28,11,30,0,Wednesday,537548.66409,4806774.79997,-80.536214,43.412926999999996,At/near private drive,2,P.D. only,Thru lane,unknown,unknown,Other,Unknown,Daylight,01 - Daylight,Municipal (excl. Twp. Rd.),No control,unknown,0,0,0,False,False,False,Clear,,False,DRIFTWOOD DR; DRIFTWOOD DR ; At,3/7/2019 1:18:55 PM,,
46017,16-283407,1482937200000,2016,12,28,15,0,0,Wednesday,540171.56703,4809412.9184,-80.50362299999999,43.436544999999995,Non intersection,2,P.D. only,Thru lane,unknown,unknown,Sideswipe,Unknown,Daylight,01 - Daylight,Municipal (excl. Twp. Rd.),No control,unknown,0,0,0,False,False,False,Clear,,False,QUEENS BLVD; BELMONT AVE E; Near,3/7/2019 1:18:53 PM,,
46018,16-283689,1482998160000,2016,12,29,7,56,0,Thursday,538899.46952,4811471.08609,-80.519195,43.455144,At intersection,2,P.D. only,Within intersection,unknown,unknown,Turning movement,Unknown,Daylight,01 - Daylight,Municipal (excl. Twp. Rd.),Traffic signal,Functioning,0,0,0,False,False,False,Snow,,False,UNION BLVD; BELMONT AVE W,3/7/2019 1:18:52 PM,,
46019,16-283946,1483021920000,2016,12,29,14,32,0,Thursday,542281.74862,4806407.72127,-80.477783,43.409369999999996,Non intersection,2,P.D. only,Not on roadway - right side,unknown,unknown,SMV other,Unknown,Daylight,01 - Daylight,Municipal (excl. Twp. Rd.),No control,unknown,0,0,0,False,False,False,Snow,,False,TUERR DR; TUERR DR ; At; 0 M,3/7/2019 1:18:51 PM,,
46020,16-283997,1483022700000,2016,12,29,14,45,0,Thursday,538774.89747,4808892.33287,-80.520918,43.431931,At intersection,1,Non-fatal injury,Within intersection,unknown,unknown,Angle,Unknown,Daylight,01 - Daylight,Municipal (excl. Twp. Rd.),Stop sign,Functioning,0,0,0,False,False,False,Clear,,False,OVERLEA DR; EAGEN DR,3/7/2019 1:18:49 PM,,
46021,16-284003,1483020000000,2016,12,29,14,0,0,Thursday,541641.64225,4803508.85017,-80.48590899999999,43.383303999999995,Non intersection,2,P.D. only,Thru lane,unknown,unknown,SMV unattended vehicle,Unknown,Daylight,01 - Daylight,Regional municipality,No control,unknown,0,0,0,False,False,False,Snow,,False,SIENNA CRES; SIENNA CRES; Near,3/7/2019 1:18:48 PM,,
46022,16-284068,1483032840000,2016,12,29,17,34,0,Thursday,542487.22267,4812887.56256,-80.47474,43.467703,Non intersection,2,P.D. only,Not on roadway - right side,unknown,unknown,SMV other,Unknown,"Dark, artificial","08 - Dark, artificial",Municipal (excl. Twp. Rd.),No control,unknown,0,0,0,False,False,False,Snow,,False,SPRING VALLEY RD ; GUELPH ST ; Near; 30 M,3/7/2019 1:18:47 PM,,
46023,16-284094,1483035420000,2016,12,29,18,17,0,Thursday,542105.27597,4804223.50134,-80.48013,43.389713,Non intersection,2,P.D. only,Thru lane,unknown,unknown,Approaching,Unknown,"Daylight, artificial","02 - Daylight, artificial",Municipal (excl. Twp. Rd.),No control,unknown,0,0,0,False,False,False,Snow,,False,PARKVALE DR; BIANCA CRT; Near; 6 M,3/7/2019 1:18:46 PM,,
46024,16-284142,1483036200000,2016,12,29,18,30,0,Thursday,543248.55413,4804518.30078,-80.465992,43.392302,At intersection,2,P.D. only,Within intersection,unknown,unknown,Angle,Unknown,"Dark, artificial","08 - Dark, artificial",Municipal (excl. Twp. Rd.),Yield sign,Functioning,0,0,0,False,False,False,Snow,,False,STRASBURG RD; HURON RD,3/7/2019 1:18:45 PM,,
46025,16-284171,1483041120000,2016,12,29,19,52,0,Thursday,545159.12554,4807239.79875,-80.442177,43.416694,At intersection,2,P.D. only,Within intersection,unknown,unknown,Turning movement,Stop sign,"Daylight, artificial","02 - Daylight, artificial",Municipal (excl. Twp. Rd.),Stop sign,Functioning,0,0,0,False,False,False,Snow,,False,WILSON AVE; WEBSTER RD,3/7/2019 1:18:43 PM,,
46026,16-284194,1483043040000,2016,12,29,20,24,0,Thursday,543230.85122,4804485.13256,-80.466213,43.392005,Intersection related,1,Non-fatal injury,Thru lane,unknown,unknown,Rear end,Unknown,Dark,07 - Dark,Regional municipality,Yield sign,Functioning,0,0,0,False,False,False,Snow,,False,HURON RD; STRASBURG RD; At,3/7/2019 1:18:42 PM,,
46027,16-284209,1483043700000,2016,12,29,20,35,0,Thursday,541176.19201,4808252.30862,-80.491298,43.42604,At intersection,2,P.D. only,Within intersection,unknown,unknown,Turning movement,Unknown,"Dark, artificial","08 - Dark, artificial",Municipal (excl. Twp. Rd.),No control,unknown,0,0,0,False,False,False,Snow,,False,CHANDLER DR; STRASBURG RD; 2 M,3/7/2019 1:18:41 PM,,