OBJECTID,ACCIDENTNUM,ACCIDENTDATE,ACCIDENT_YEAR,ACCIDENT_MONTH,ACCIDENT_DAY,ACCIDENT_HOUR,ACCIDENT_MINUTE,ACCIDENT_SECOND,ACCIDENT_WEEKDAY,XCOORD,YCOORD,LONGITUDE,LATITUDE,ACCIDENTLOCATION,COLLISIONTYPE,CLASSIFICATIONOFACCIDENT,IMPACTLOCATION,INITIALDIRECTIONOFTRAVELONE,INITIALDIRECTIONOFTRAVELTWO,INITIALIMPACTTYPE,INTTRAFFICCONTROL,LIGHT,LIGHTFORREPORT,ROADJURISDICTION,TRAFFICCONTROL,TRAFFICCONTROLCONDITION,THRULANENO,NORTHBOUNDDISOBEYCOUNT,SOUTHBOUNDDISOBEYCOUNT,PEDESTRIANINVOLVED,CYCLISTINVOLVED,MOTORCYCLISTINVOLVED,ENVIRONMENTCONDITION1,ENVIRONMENTCONDITION2,SELFREPORTED,XMLIMPORTNOTES,LASTEDITEDDATE,CREATE_BY,CREATE_DATE
46305,17-051001,1489000800000,2017,3,8,19,20,0,Wednesday,539569.24451,4811424.83328,-80.51092,43.454692,Intersection related,2,P.D. only,Thru lane,unknown,unknown,Rear end,Unknown,Daylight,01 - Daylight,Municipal (excl. Twp. Rd.),Stop sign,Functioning,0,0,0,False,False,False,Clear,,False,GREEN ST; PARK ST,3/7/2019 1:13:09 PM,,
46306,17-051104,1489051320000,2017,3,9,9,22,0,Thursday,540252.5912,4808336.12704,-80.502702,43.426845,Non intersection,2,P.D. only,Not on roadway - right side,unknown,unknown,SMV other,Unknown,Daylight,01 - Daylight,Municipal (excl. Twp. Rd.),No control,unknown,0,0,0,False,False,False,Clear,,False,VILLAGE RD; WESTMOUNT RD E; 300 M,3/7/2019 1:13:07 PM,,
46307,17-051165,1489055280000,2017,3,9,10,28,0,Thursday,541585.37367,4811329.6229,-80.486008,43.453725999999996,Non intersection,2,P.D. only,Thru lane,unknown,unknown,Rear end,Unknown,Daylight,01 - Daylight,Regional municipality,No control,unknown,0,0,0,False,False,False,Clear,,False,QUEEN ST N; QUEEN ST N; Near; 10 M,3/7/2019 1:13:06 PM,,
46308,17-051322,1489066980000,2017,3,9,13,43,0,Thursday,541068.0,4811108.0,0.0,0.0,Non intersection,2,P.D. only,Not on roadway - right side,unknown,unknown,SMV other,Unknown,Daylight,01 - Daylight,Municipal (excl. Twp. Rd.),No control,unknown,0,0,0,False,False,False,Clear,,False,SPRING CREEK ST; SPRING CREEK ST ; At; 4 M,3/7/2019 1:13:05 PM,,
46309,17-052074,1489146720000,2017,3,10,11,52,0,Friday,542612.53152,4806684.24316,-80.473676,43.411840999999995,Intersection related,1,Non-fatal injury,Off highway,unknown,unknown,SMV other,Unknown,Daylight,01 - Daylight,Municipal (excl. Twp. Rd.),No control,unknown,0,0,0,False,False,False,Clear,,False,OLD COUNTRY DR; CENTURY HILL DR,3/7/2019 1:13:04 PM,,
46310,17-052262,1489162140000,2017,3,10,16,9,0,Friday,543045.16942,4809759.0742,-80.46808999999999,43.439502,Intersection related,2,P.D. only,Thru lane,unknown,unknown,Angle,Unknown,Daylight,01 - Daylight,Municipal (excl. Twp. Rd.),Stop sign,Functioning,0,0,0,False,False,False,Snow,,False,CHARLES ST E; PRESTON ST ; Near,3/7/2019 1:13:03 PM,,
46311,17-052279,1489161000000,2017,3,10,15,50,0,Friday,543598.58703,4812978.54096,-80.460994,43.468458,Non intersection,2,P.D. only,Thru lane,unknown,unknown,Rear end,Unknown,Daylight,01 - Daylight,Municipal (excl. Twp. Rd.),No control,unknown,0,0,0,False,False,False,Clear,,False,SHIRLEY AVE; SHIRLEY AVE ; Near,3/7/2019 1:13:02 PM,,
46312,17-052493,1489181640000,2017,3,10,21,34,0,Friday,543561.94463,4812259.41126,-80.461505,43.461985,Non intersection,2,P.D. only,Thru lane,unknown,unknown,Approaching,Unknown,"Dark, artificial","08 - Dark, artificial",Regional municipality,No control,unknown,0,0,0,False,False,False,Drifting Snow,,False,RIVER RD E; FREDERICK ST; 23 M,3/7/2019 1:13:01 PM,,
46313,17-052544,1489185120000,2017,3,10,22,32,0,Friday,539079.57344,4811111.00672,-80.516995,43.451892,At intersection,2,P.D. only,Within intersection,unknown,unknown,Angle,Unknown,"Dark, artificial","08 - Dark, artificial",Regional municipality,Traffic signal,Functioning,0,0,1,False,False,False,Drifting Snow,,False,GLASGOW ST; BELMONT AVE W,3/7/2019 1:13:00 PM,,
46314,17-052693,1489176000000,2017,3,10,20,0,0,Friday,544325.81668,4802522.82703,-80.452852,43.374272,Non intersection,2,P.D. only,Not on roadway - left side,unknown,unknown,SMV other,Unknown,Dark,07 - Dark,Municipal (excl. Twp. Rd.),No control,unknown,0,0,0,False,False,False,Snow,,False,REIDEL DR ; STAUFFER DR ; 300 M,3/7/2019 1:12:59 PM,,
46315,17-052720,1489217640000,2017,3,11,7,34,0,Saturday,541466.94153,4810853.62523,-80.48750799999999,43.449445999999995,Non intersection,2,P.D. only,Not on roadway - right side,unknown,unknown,SMV other,Unknown,Daylight,01 - Daylight,Municipal (excl. Twp. Rd.),No control,unknown,0,0,0,False,False,False,Snow,,False,KING ST E; QUEEN ST N; 30 M,3/7/2019 1:12:57 PM,,
46316,17-052767,1489166400000,2017,3,10,17,20,0,Friday,543534.7976,4812294.68158,-80.461837,43.462303999999996,Non intersection,2,P.D. only,Thru lane,unknown,unknown,Sideswipe,Unknown,Daylight,01 - Daylight,Regional municipality,No control,unknown,0,0,0,False,False,False,Snow,,False,FREDERICK ST ; RIVER RD E; Near,3/7/2019 1:12:55 PM,,
46317,17-053040,1489244400000,2017,3,11,15,0,0,Saturday,539999.30207,4810409.64456,-80.505679,43.445529,Intersection related,2,P.D. only,Thru lane,unknown,unknown,Rear end,Unknown,Daylight,01 - Daylight,Municipal (excl. Twp. Rd.),Traffic signal,Functioning,0,0,0,False,False,False,Clear,,False,WEST AVE; STRANGE ST,3/7/2019 1:12:53 PM,,
46318,17-053647,1489234200000,2017,3,11,12,10,0,Saturday,541482.16082,4808774.30248,-80.487478,43.430723,At/near private drive,2,P.D. only,Thru lane,unknown,unknown,Other,Unknown,Daylight,01 - Daylight,Regional municipality,No control,unknown,0,0,0,False,False,False,Clear,,False,HIGHLAND RD E; HIGHLAND RD E; Near,3/7/2019 1:12:51 PM,,
46319,17-053666,1489328400000,2017,3,12,14,20,0,Sunday,543106.04995,4811416.90197,-80.467207,43.454426,At/near private drive,2,P.D. only,Thru lane,unknown,unknown,SMV unattended vehicle,Unknown,Daylight,01 - Daylight,Municipal (excl. Twp. Rd.),No control,unknown,0,0,0,False,False,False,Clear,,False,KRUG ST; KRUG ST ; At,3/7/2019 1:12:50 PM,,
46320,17-053932,1489359360000,2017,3,12,22,56,0,Sunday,541150.30882,4811151.02659,-80.491399,43.452141999999995,Intersection related,2,P.D. only,Not on roadway - right side,unknown,unknown,SMV other,Unknown,"Dark, artificial","08 - Dark, artificial",Municipal (excl. Twp. Rd.),Traffic signal,Functioning,0,0,0,False,False,False,Clear,,False,DUKE ST W; YOUNG ST; Near; 9.6 M,3/7/2019 1:12:49 PM,,
46321,17-054145,1489396440000,2017,3,13,9,14,0,Monday,541631.9658,4811414.22477,-80.48542599999999,43.454485,At intersection,2,P.D. only,Within intersection,unknown,unknown,Angle,Unknown,Daylight,01 - Daylight,Regional municipality,Traffic signal,Functioning,0,0,0,False,False,False,Clear,,False,QUEEN ST N; OTTO ST,3/7/2019 1:12:47 PM,,
46322,17-054226,1489404060000,2017,3,13,11,21,0,Monday,541074.5454,4808737.30267,-80.49251699999999,43.430413,Non intersection,2,P.D. only,Thru lane,unknown,unknown,SMV other,Unknown,Daylight,01 - Daylight,Regional municipality,No control,unknown,0,0,0,False,False,False,Snow,,False,HOMER WATSON BLVD; HOFFMAN ST; Near; 300 M,3/7/2019 1:12:46 PM,,
46323,17-054302,1489410240000,2017,3,13,13,4,0,Monday,543997.70383,4809274.13748,-80.45635899999999,43.43508,Non intersection,2,P.D. only,Not on roadway - right side,unknown,unknown,SMV other,Unknown,Daylight,01 - Daylight,Municipal (excl. Twp. Rd.),No control,unknown,0,0,0,False,False,False,Snow,,False,FIRST AVE; FIRST AVE ; 10 M,3/7/2019 1:12:44 PM,,
46324,17-054363,1489402800000,2017,3,13,11,0,0,Monday,540734.60038,4811506.56039,-80.49651,43.455366,At intersection,2,P.D. only,Within intersection,unknown,unknown,Other,Unknown,Daylight,01 - Daylight,Municipal (excl. Twp. Rd.),Stop sign,Functioning,0,0,0,False,False,False,Snow,,False,DUKE ST W; BREITHAUPT ST,3/7/2019 1:12:43 PM,,
46325,17-054384,1489323600000,2017,3,12,13,0,0,Sunday,545960.49555,4803094.67673,-80.432627,43.379323,At/near private drive,2,P.D. only,Thru lane,unknown,unknown,SMV unattended vehicle,Unknown,Daylight,01 - Daylight,Municipal (excl. Twp. Rd.),No control,unknown,0,0,0,False,False,False,Clear,,False,DOON SOUTH DR; DOON SOUTH DR,3/7/2019 1:12:41 PM,,
46326,17-054428,1489167000000,2017,3,10,17,30,0,Friday,541834.20267,4810441.48546,-80.483001,43.445715,Non intersection,2,P.D. only,Thru lane,unknown,unknown,SMV other,Unknown,Daylight,01 - Daylight,Municipal (excl. Twp. Rd.),No control,unknown,0,0,0,False,False,False,Snow,,False,MADISON AVE S; MADISON AVE S,3/7/2019 1:12:40 PM,,
46327,17-054431,1489419840000,2017,3,13,15,44,0,Monday,539407.85643,4810311.16584,-80.51299499999999,43.444672999999995,Non intersection,2,P.D. only,Thru lane,unknown,unknown,Rear end,Unknown,Daylight,01 - Daylight,Regional municipality,No control,unknown,0,0,0,False,False,False,Snow,,False,BELMONT AVE W; ADELAIDE ST; Near; 20 M,3/7/2019 1:12:39 PM,,
46328,17-054463,1489422900000,2017,3,13,16,35,0,Monday,542476.80577,4812862.5913,-80.474871,43.467479,Non intersection,2,P.D. only,Not on roadway - right side,unknown,unknown,SMV other,Unknown,Daylight,01 - Daylight,Municipal (excl. Twp. Rd.),Stop sign,Functioning,0,0,0,False,False,False,Snow,,False,SPRING VALLEY RD ; GUELPH ST ; 60 M,3/7/2019 1:12:38 PM,,
46329,17-054464,1489422960000,2017,3,13,16,36,0,Monday,547758.2136,4811475.50454,-80.409703,43.454671,Non intersection,2,P.D. only,Right shoulder,unknown,unknown,SMV other,Unknown,Daylight,01 - Daylight,Regional municipality,No control,unknown,0,0,0,False,False,False,Snow,,False,OLD ZELLER DR ; VALEBROOK ST ; 27 M,3/7/2019 1:12:37 PM,,
46330,17-054469,1489423200000,2017,3,13,16,40,0,Monday,541900.49296,4813861.60671,-80.48191899999999,43.476506,Non intersection,2,P.D. only,Not on roadway - right side,unknown,unknown,SMV other,Unknown,Daylight,01 - Daylight,Municipal (excl. Twp. Rd.),No control,unknown,0,0,0,False,False,False,Snow,,False,RIVERBEND DR ; LANCASTER ST W; 300 M,3/7/2019 1:12:36 PM,,
46331,17-054529,1489429080000,2017,3,13,18,18,0,Monday,540578.73888,4809700.61419,-80.498571,43.439113,At intersection,2,P.D. only,Thru lane,unknown,unknown,SMV other,Unknown,Dusk,05 - Dusk,Regional municipality,No control,unknown,0,0,0,False,False,False,Snow,,False,SPADINA RD E; WINSLOW DR,3/7/2019 1:12:35 PM,,
46332,17-054532,1489429380000,2017,3,13,18,23,0,Monday,544611.35645,4813366.56714,-80.448442,43.471892,Non intersection,2,P.D. only,Thru lane,unknown,unknown,Sideswipe,Unknown,Daylight,01 - Daylight,Municipal (excl. Twp. Rd.),No control,unknown,0,0,0,False,False,False,Snow,,False,BINGEMANS CENTRE DR; SHIRLEY DR ; 500 M,3/7/2019 1:12:34 PM,,
46333,17-054544,1489330800000,2017,3,12,15,0,0,Sunday,543488.92922,4808433.29676,-80.462712,43.427538999999996,Non intersection,2,P.D. only,Thru lane,unknown,unknown,SMV unattended vehicle,Unknown,Daylight,01 - Daylight,Municipal (excl. Twp. Rd.),No control,unknown,0,0,0,False,False,False,Clear,,False,ERIE AVE; VANIER DR; Near,3/7/2019 1:12:33 PM,,
46334,17-054547,1489431720000,2017,3,13,19,2,0,Monday,541896.62462,4813865.41371,-80.481966,43.476541,Non intersection,2,P.D. only,Not on roadway - right side,unknown,unknown,SMV other,Unknown,Daylight,01 - Daylight,Municipal (excl. Twp. Rd.),No control,unknown,0,0,0,False,False,False,Clear,,False,RIVERBEND DR; LANCASTER ST W; 300 M,3/7/2019 1:12:32 PM,,
46335,17-054864,1489444200000,2017,3,13,22,30,0,Monday,540660.61196,4809405.69662,-80.497581,43.436453,Non intersection,2,P.D. only,Thru lane,unknown,unknown,SMV unattended vehicle,Unknown,Dark,07 - Dark,Municipal (excl. Twp. Rd.),No control,unknown,0,0,0,False,False,False,Snow,,False,PLEASANT AVE; PLEASANT AVE,3/7/2019 1:12:31 PM,,
46336,17-054878,1489482300000,2017,3,14,9,5,0,Tuesday,541589.48656,4809246.19612,-80.486116,43.434965999999996,At/near private drive,2,P.D. only,Thru lane,unknown,unknown,Other,Unknown,Daylight,01 - Daylight,Municipal (excl. Twp. Rd.),No control,unknown,0,0,0,False,False,False,Snow,,False,TAMROTH CLOSE ; TAMROTH CLOSE,3/7/2019 1:12:30 PM,,
46337,17-054968,1489495140000,2017,3,14,12,39,0,Tuesday,540579.48153,4810631.30678,-80.498493,43.447493,Intersection related,2,P.D. only,Not on roadway - right side,unknown,unknown,SMV other,Unknown,Daylight,01 - Daylight,Municipal (excl. Twp. Rd.),Stop sign,Functioning,0,0,0,False,False,False,Clear,,False,JUBILEE DR; HEINS AVE,3/7/2019 1:12:29 PM,,
46338,17-055053,1489503180000,2017,3,14,14,53,0,Tuesday,539395.87164,4808377.43544,-80.513283,43.427262,Non intersection,2,P.D. only,Not on roadway - right side,unknown,unknown,SMV other,Unknown,Daylight,01 - Daylight,Municipal (excl. Twp. Rd.),No control,unknown,0,0,0,False,False,False,Snow,,False,CYPRUS DR; RUSSET PL ; 5 M,3/7/2019 1:12:28 PM,,
46339,17-055092,1489501800000,2017,3,14,14,30,0,Tuesday,542078.78122,4809219.75748,-80.48007299999999,43.434701,Non intersection,2,P.D. only,Thru lane,unknown,unknown,Turning movement,Unknown,Daylight,01 - Daylight,Municipal (excl. Twp. Rd.),No control,unknown,0,0,0,False,False,False,Clear,,False,MILL ST; MILL ST ; Near,3/7/2019 1:12:26 PM,,
46340,17-055095,1489505820000,2017,3,14,15,37,0,Tuesday,545144.3153,4806971.04852,-80.442382,43.414274999999996,Non intersection,2,P.D. only,Thru lane,unknown,unknown,Angle,Unknown,Daylight,01 - Daylight,Municipal (excl. Twp. Rd.),No control,unknown,0,0,0,False,False,False,Clear,,False,WILSON AVE ; WILSON AVE ; At; 5 M,3/7/2019 1:12:25 PM,,
46341,17-055166,1489512300000,2017,3,14,17,25,0,Tuesday,540171.86012,4803090.62604,-80.50408399999999,43.379618,Non intersection,1,Non-fatal injury,Not on roadway - right side,unknown,unknown,SMV other,Unknown,Daylight,01 - Daylight,Municipal (excl. Twp. Rd.),No control,unknown,0,0,0,False,False,False,Drifting Snow,,False,HURON RD; TRUSSLER RD ; 950 M,3/7/2019 1:12:24 PM,,
46342,17-055615,1489564200000,2017,3,15,7,50,0,Wednesday,540806.74512,4810878.31684,-80.495666,43.449705,Non intersection,2,P.D. only,Thru lane,unknown,unknown,Other,Unknown,Daylight,01 - Daylight,Municipal (excl. Twp. Rd.),Traffic signal,Functioning,0,0,0,False,False,False,Clear,,False,JOSEPH ST; WATER ST S; Near,3/7/2019 1:12:21 PM,,
46343,17-055788,1489589340000,2017,3,15,14,49,0,Wednesday,545858.13099,4806921.36931,-80.43357,43.413784,At/near private drive,2,P.D. only,Not on roadway - left side,unknown,unknown,SMV other,Unknown,Daylight,01 - Daylight,Regional municipality,No control,unknown,0,0,0,False,False,False,Clear,,False,WABANAKI DR; MANITOU DR; At; 0 M,3/7/2019 1:12:20 PM,,
46344,17-055885,1489597200000,2017,3,15,17,0,0,Wednesday,543068.52297,4807435.50496,-80.467985,43.418579,Intersection related,2,Non-reportable,Thru lane,unknown,unknown,Rear end,Unknown,Daylight,01 - Daylight,Regional municipality,Yield sign,Functioning,0,0,0,False,False,False,Clear,,False,FALLOWFIELD DR; BLOCK LINE RD,3/7/2019 1:12:19 PM,,
46345,17-055979,1489608420000,2017,3,15,20,7,0,Wednesday,539317.60924,4810615.35872,-80.514088,43.447417,At intersection,2,P.D. only,Within intersection,unknown,unknown,Angle,Unknown,"Daylight, artificial","02 - Daylight, artificial",Regional municipality,Traffic signal,Functioning,0,0,0,False,False,False,Clear,,False,BELMONT AVE W; GAGE AVE,3/7/2019 1:12:18 PM,,
46346,17-056338,1489662900000,2017,3,16,11,15,0,Thursday,541422.29394,4810842.81067,-80.488061,43.449352,Non intersection,2,P.D. only,Thru lane,unknown,unknown,SMV unattended vehicle,Unknown,Daylight,01 - Daylight,Regional municipality,No control,unknown,0,0,0,False,False,False,Clear,,False,KING ST E; KING ST E; Near,3/7/2019 1:12:17 PM,,
46347,17-056346,1489586100000,2017,3,15,13,55,0,Wednesday,542390.21042,4806689.63495,-80.476421,43.411902,At/near private drive,2,P.D. only,Thru lane,unknown,unknown,Other,Unknown,Daylight,01 - Daylight,Regional municipality,No control,unknown,0,0,0,False,False,False,Clear,,False,STRASBURG RD; STRASBURG RD,3/7/2019 1:12:16 PM,,
46348,17-056781,1489705200000,2017,3,16,23,0,0,Thursday,546034.65899,4803840.8692,-80.431649,43.386036999999995,At intersection,2,P.D. only,Within intersection,unknown,unknown,SMV other,Unknown,Dark,07 - Dark,Municipal (excl. Twp. Rd.),Stop sign,Functioning,0,0,0,False,False,False,Clear,,False,PINE VALLEY DR; DOON MILLS DR,3/7/2019 1:12:15 PM,,
46349,17-057042,1489744740000,2017,3,17,9,59,0,Friday,540925.10122,4808233.21935,-80.494401,43.425882,Other,2,P.D. only,Off highway,unknown,unknown,Turning movement,Unknown,Daylight,01 - Daylight,Private property,Stop sign,Functioning,0,0,0,False,False,False,Clear,,False,PRIVATE DRIVE; CONESTOGA COLLEGE; At; 120 M,3/7/2019 1:12:13 PM,,
46350,17-057319,1489759500000,2017,3,17,14,5,0,Friday,542028.48181,4810472.85788,-80.480598,43.445986999999995,At/near private drive,1,Non-fatal injury,Thru lane,unknown,unknown,Sideswipe,Unknown,Daylight,01 - Daylight,Regional municipality,No control,unknown,0,0,0,False,False,False,Clear,,False,KING ST E; KING ST E; Near,3/7/2019 1:12:12 PM,,
46351,17-057491,1489740600000,2017,3,17,8,50,0,Friday,547337.83232,4811442.20087,-80.414901,43.454398,At/near private drive,2,P.D. only,Thru lane,unknown,unknown,Other,Unknown,Daylight,01 - Daylight,Municipal (excl. Twp. Rd.),No control,unknown,0,0,0,False,False,False,Clear,,False,BROOKMEAD ST; BROOKMEAD ST,3/7/2019 1:12:11 PM,,
46352,17-057534,1489681200000,2017,3,16,16,20,0,Thursday,540171.56703,4809412.9184,-80.50362299999999,43.436544999999995,Intersection related,2,P.D. only,Thru lane,unknown,unknown,Sideswipe,Unknown,Daylight,01 - Daylight,Municipal (excl. Twp. Rd.),No control,unknown,0,0,0,False,False,False,Clear,,False,QUEENS BLVD; BELMONT AVE W,3/7/2019 1:12:10 PM,,
46353,17-057655,1489782900000,2017,3,17,20,35,0,Friday,544790.83281,4805227.77307,-80.446891,43.3986,At/near private drive,1,Non-fatal injury,Thru lane,unknown,unknown,Turning movement,Unknown,"Dark, artificial","08 - Dark, artificial",Municipal (excl. Twp. Rd.),No control,unknown,0,0,0,False,False,False,Clear,,False,DOON VILLAGE RD; DOON VILLAGE RD ; At; 5 M,3/7/2019 1:12:09 PM,,
46354,17-058221,1489830060000,2017,3,18,9,41,0,Saturday,539021.16148,4811243.15521,-80.517707,43.453085,Non intersection,2,P.D. only,Thru lane,unknown,unknown,Turning movement,Unknown,Daylight,01 - Daylight,Municipal (excl. Twp. Rd.),No control,unknown,0,0,0,False,False,False,Snow,,False,BELMONT AVE W; ROCK AVE; 50 M,3/7/2019 1:12:08 PM,,
46355,17-058266,1489832760000,2017,3,18,10,26,0,Saturday,541222.80687,4811865.86771,-80.490449,43.458574,At intersection,2,P.D. only,Within intersection,unknown,unknown,Angle,Unknown,Daylight,01 - Daylight,Regional municipality,Traffic signal,Functioning,0,1,0,False,False,False,Clear,,False,WELLINGTON ST N; MARGARET AVE,3/7/2019 1:12:07 PM,,
46356,17-058344,1489826700000,2017,3,18,8,45,0,Saturday,539839.99782,4811424.26222,-80.507573,43.454673,At/near private drive,2,P.D. only,Thru lane,unknown,unknown,Turning movement,Unknown,Daylight,01 - Daylight,Municipal (excl. Twp. Rd.),No control,unknown,0,0,0,False,False,False,Snow,,False,WALTER ST; GREEN ST ; Near,3/7/2019 1:12:06 PM,,
46357,17-058907,1489885920000,2017,3,19,1,12,0,Sunday,542942.4757,4811340.12459,-80.469234,43.453744,At intersection,2,P.D. only,Within intersection,unknown,unknown,SMV other,Unknown,Dark,07 - Dark,Municipal (excl. Twp. Rd.),Stop sign,Functioning,0,0,0,False,False,False,Clear,,False,KRUG ST; DUMFRIES AVE,3/7/2019 1:12:05 PM,,
46358,17-059243,1489936800000,2017,3,19,15,20,0,Sunday,539802.1118,4810736.91623,-80.50809199999999,43.448485999999995,At intersection,2,P.D. only,Within intersection,unknown,unknown,Turning movement,Unknown,Daylight,01 - Daylight,Municipal (excl. Twp. Rd.),No control,unknown,0,0,0,False,False,False,Clear,,False,STRANGE ST; WAVERLY RD; 0 K,3/7/2019 1:12:04 PM,,
46359,17-059672,1490000040000,2017,3,20,8,54,0,Monday,542785.41895,4804148.52475,-80.471739,43.388999,At intersection,2,P.D. only,Within intersection,unknown,unknown,Turning movement,Unknown,Daylight,01 - Daylight,Regional municipality,Stop sign,Functioning,0,0,0,False,False,False,Clear,,False,HURON RD; PARKVALE DR,3/7/2019 1:12:02 PM,,
46360,17-060590,1490029800000,2017,3,20,17,10,0,Monday,541465.75555,4809537.24491,-80.487623,43.437594,Intersection related,2,P.D. only,Thru lane,unknown,unknown,Rear end,Unknown,Daylight,01 - Daylight,Municipal (excl. Twp. Rd.),Traffic signal,Functioning,0,0,0,False,False,False,Clear,,False,STIRLING AVE S; MILL ST; At,3/7/2019 1:12:01 PM,,
46361,17-060613,1490083200000,2017,3,21,8,0,0,Tuesday,545089.06826,4807930.91943,-80.442985,43.422920999999995,At/near private drive,2,P.D. only,Left turn lane,unknown,unknown,Turning movement,Unknown,Daylight,01 - Daylight,Municipal (excl. Twp. Rd.),No control,unknown,0,0,0,False,False,False,Clear,,False,KINGSWAY DR; KINGSWAY DR; Near,3/7/2019 1:12:00 PM,,
46362,17-060799,1490115000000,2017,3,21,16,50,0,Tuesday,542380.11754,4807651.92645,-80.47647099999999,43.420567,At/near private drive,2,P.D. only,Thru lane,unknown,unknown,Turning movement,Unknown,Daylight,01 - Daylight,Municipal (excl. Twp. Rd.),No control,unknown,0,0,0,False,False,False,Clear,,False,GRACEFIELD CRES; GRACEFIELD CRES; At,3/7/2019 1:11:59 PM,,
46363,17-061270,1490114700000,2017,3,21,16,45,0,Tuesday,541508.85328,4814112.05113,-80.48674199999999,43.478783,At/near private drive,2,P.D. only,Right shoulder,unknown,unknown,SMV unattended vehicle,Unknown,Daylight,01 - Daylight,Municipal (excl. Twp. Rd.),No control,unknown,0,0,0,False,False,False,Clear,,False,GENERAL DR; GENERAL DR; Near,3/7/2019 1:11:58 PM,,
46364,17-061634,1490200200000,2017,3,22,16,30,0,Wednesday,542581.13556,4810126.56472,-80.473795,43.442837,At intersection,2,P.D. only,Within intersection,unknown,unknown,Angle,Unknown,Daylight,01 - Daylight,Regional municipality,Traffic signal,Functioning,0,0,0,False,False,False,Clear,,False,KING ST E; BORDEN AVE N,3/7/2019 1:11:57 PM,,
46365,17-062290,1490275020000,2017,3,23,13,17,0,Thursday,538737.00441,4805720.33234,-80.521611,43.403372,Non intersection,1,Non-fatal injury,Thru lane,unknown,unknown,SMV other,Unknown,Daylight,01 - Daylight,Municipal (excl. Twp. Rd.),No control,unknown,0,0,0,False,False,False,Clear,,False,ISAIAH DR; ISAIAH DR ; At; 1 M,3/7/2019 1:11:56 PM,,
46366,17-062444,1490283000000,2017,3,23,15,30,0,Thursday,544610.62188,4809093.18626,-80.448801,43.433415,Intersection related,2,P.D. only,Thru lane,unknown,unknown,Rear end,Unknown,Daylight,01 - Daylight,Municipal (excl. Twp. Rd.),Traffic signal,Functioning,0,0,0,False,False,False,Clear,,False,FRANKLIN ST S; KINGSWAY DR; At,3/7/2019 1:11:54 PM,,
46367,17-062476,1490288820000,2017,3,23,17,7,0,Thursday,540178.95408,4811335.49302,-80.503391,43.453855,At/near private drive,2,P.D. only,Thru lane,unknown,unknown,Other,Unknown,Daylight,01 - Daylight,Municipal (excl. Twp. Rd.),No control,unknown,0,0,0,False,False,False,Clear,,False,WELLINGTON ST S; WELLINGTON ST S; At; 0 M,3/7/2019 1:11:53 PM,,
46368,17-062503,1490290920000,2017,3,23,17,42,0,Thursday,541662.00728,4810409.51077,-80.485131,43.445437,At intersection,1,Non-fatal injury,Within intersection,unknown,unknown,Angle,Unknown,Daylight,01 - Daylight,Municipal (excl. Twp. Rd.),Stop sign,Functioning,0,0,0,False,False,False,Clear,,False,CEDAR ST S; CHURCH ST ; 5 M,3/7/2019 1:11:52 PM,,
46369,17-062539,1490286600000,2017,3,23,16,30,0,Thursday,538711.70546,4807768.02946,-80.521778,43.421811,Intersection related,2,P.D. only,Thru lane,unknown,unknown,Rear end,Unknown,Daylight,01 - Daylight,Municipal (excl. Twp. Rd.),No control,unknown,0,0,0,False,False,False,Clear,,False,MCGARRY DR; FORESTWOOD DR; At,3/7/2019 1:11:51 PM,,
46370,17-062577,1490284800000,2017,3,23,16,0,0,Thursday,537353.69237,4809590.22962,-80.538429,43.438286999999995,At/near private drive,2,P.D. only,Thru lane,unknown,unknown,SMV unattended vehicle,Unknown,Daylight,01 - Daylight,Municipal (excl. Twp. Rd.),No control,unknown,0,0,0,False,False,False,Clear,,False,STOKE DR; STOKE DR,3/7/2019 1:11:50 PM,,
46371,17-063965,1490468160000,2017,3,25,18,56,0,Saturday,542697.92825,4816465.07311,-80.47185499999999,43.499902,At/near private drive,2,P.D. only,Thru lane,unknown,unknown,SMV unattended vehicle,Unknown,Daylight,01 - Daylight,Municipal (excl. Twp. Rd.),No control,unknown,0,0,0,False,False,False,Clear,,False,EAGLECREST ST; EAGLECREST ST ; Near; 2 M,3/7/2019 1:11:49 PM,,
46372,17-064647,1490536260000,2017,3,26,13,51,0,Sunday,543660.97915,4810816.29275,-80.460396,43.448986,At intersection,2,P.D. only,Within intersection,unknown,unknown,Turning movement,Unknown,Daylight,01 - Daylight,Municipal (excl. Twp. Rd.),Stop sign,Functioning,0,0,0,False,False,False,Clear,,False,NOTTINGHAM AVE; LYNDHURST DR,3/7/2019 1:11:48 PM,,
46373,17-064735,1490543580000,2017,3,26,15,53,0,Sunday,540714.44826,4811630.74295,-80.49674999999999,43.456485,Other,2,P.D. only,Off highway,unknown,unknown,SMV other,Unknown,Daylight,01 - Daylight,Private property,No control,unknown,0,0,0,False,False,False,Clear,,False,DRIVEWAY; 138 WELLINGTON ST N; At,3/7/2019 1:11:47 PM,,
46374,17-066525,1490716800000,2017,3,28,16,0,0,Tuesday,538760.29923,4808921.96111,-80.521096,43.432199,At/near private drive,2,P.D. only,Thru lane,unknown,unknown,Other,Unknown,Daylight,01 - Daylight,Municipal (excl. Twp. Rd.),No control,unknown,0,0,0,False,False,False,Clear,,False,EAGEN DR; EAGEN DR; Near,3/7/2019 1:11:45 PM,,