OBJECTID,ACCIDENTNUM,ACCIDENTDATE,ACCIDENT_YEAR,ACCIDENT_MONTH,ACCIDENT_DAY,ACCIDENT_HOUR,ACCIDENT_MINUTE,ACCIDENT_SECOND,ACCIDENT_WEEKDAY,XCOORD,YCOORD,LONGITUDE,LATITUDE,ACCIDENTLOCATION,COLLISIONTYPE,CLASSIFICATIONOFACCIDENT,IMPACTLOCATION,INITIALDIRECTIONOFTRAVELONE,INITIALDIRECTIONOFTRAVELTWO,INITIALIMPACTTYPE,INTTRAFFICCONTROL,LIGHT,LIGHTFORREPORT,ROADJURISDICTION,TRAFFICCONTROL,TRAFFICCONTROLCONDITION,THRULANENO,NORTHBOUNDDISOBEYCOUNT,SOUTHBOUNDDISOBEYCOUNT,PEDESTRIANINVOLVED,CYCLISTINVOLVED,MOTORCYCLISTINVOLVED,ENVIRONMENTCONDITION1,ENVIRONMENTCONDITION2,SELFREPORTED,XMLIMPORTNOTES,LASTEDITEDDATE,CREATE_BY,CREATE_DATE
46375,17-066715,1490756400000,2017,3,29,3,0,0,Wednesday,544412.30984,4806460.54808,-80.451465,43.409721999999995,Non intersection,2,P.D. only,Not on roadway - left side,unknown,unknown,SMV other,Unknown,"Dark, artificial","08 - Dark, artificial",Municipal (excl. Twp. Rd.),No control,unknown,0,0,0,False,False,False,Clear,,False,OTONABEE DR; BLEAMS RD ; Near; 300 M,3/7/2019 1:11:44 PM,,
46376,17-067305,1490809860000,2017,3,29,17,51,0,Wednesday,544883.80593,4804850.53695,-80.445774,43.395198,Intersection related,2,P.D. only,Thru lane,unknown,unknown,Rear end,Unknown,Daylight,01 - Daylight,Municipal (excl. Twp. Rd.),Traffic signal,Functioning,0,0,0,False,False,False,Clear,,False,DOON VILLAGE RD; PIONEER DR,3/7/2019 1:11:43 PM,,
46377,17-067673,1490856060000,2017,3,30,6,41,0,Thursday,539078.60637,4811111.95926,-80.517006,43.451901,At intersection,1,Non-fatal injury,Within intersection,unknown,unknown,Turning movement,Unknown,Dawn,03 - Dawn,Municipal (excl. Twp. Rd.),Traffic signal,Functioning,0,0,0,False,False,False,Clear,,False,GLASGOW ST ; BELMONT AVE W,3/7/2019 1:11:42 PM,,
46378,17-067782,1490822100000,2017,3,29,21,15,0,Wednesday,544559.28199,4811739.3563,-80.449219,43.457243999999996,Intersection related,2,P.D. only,Thru lane,unknown,unknown,Rear end,Unknown,"Dark, artificial","08 - Dark, artificial",Regional municipality,Traffic signal,Functioning,0,0,0,False,False,False,Clear,,False,RIVER RD E; LORRAINE AVE; At,3/7/2019 1:11:41 PM,,
46379,17-067873,1490871960000,2017,3,30,11,6,0,Thursday,544495.90528,4810635.42496,-80.450092,43.447308,Non intersection,2,P.D. only,Thru lane,unknown,unknown,SMV other,Unknown,Daylight,01 - Daylight,Regional municipality,No control,unknown,0,0,0,False,False,False,Clear,,False,FRANKLIN ST N; FRANKLIN ST N; At; 5 M,3/7/2019 1:11:40 PM,,
46380,17-067989,1490880840000,2017,3,30,13,34,0,Thursday,542842.4728,4809873.74241,-80.470586,43.440546,At intersection,1,Non-fatal injury,Within intersection,unknown,unknown,Angle,Unknown,Daylight,01 - Daylight,Municipal (excl. Twp. Rd.),Stop sign,Functioning,0,1,0,False,False,False,Clear,,False,CHARLES ST E; SYDNEY ST S,3/7/2019 1:11:39 PM,,
46381,17-068128,1490886300000,2017,3,30,15,5,0,Thursday,539315.79538,4810617.65646,-80.514111,43.447438,Intersection related,2,P.D. only,Thru lane,unknown,unknown,Rear end,Unknown,Daylight,01 - Daylight,Municipal (excl. Twp. Rd.),Traffic signal,Functioning,0,0,0,False,False,False,Snow,,False,BELMONT AVE W; GAGE AVE ; At,3/7/2019 1:11:38 PM,,
46382,17-068465,1490915100000,2017,3,30,23,5,0,Thursday,536069.1906,4807015.50387,-80.55447099999999,43.415167,At/near private drive,2,P.D. only,Off highway,unknown,unknown,SMV other,Unknown,"Daylight, artificial","02 - Daylight, artificial",Regional municipality,No control,unknown,0,0,0,False,False,False,Rain,,False,COSTAIN CRT; COSTAIN CRT ; At; 0 M,3/7/2019 1:11:37 PM,,
46383,17-068937,1490887800000,2017,3,30,15,30,0,Thursday,541149.15296,4810648.56177,-80.491451,43.447618,At intersection,2,P.D. only,Within intersection,unknown,unknown,Turning movement,Unknown,Daylight,01 - Daylight,Municipal (excl. Twp. Rd.),Stop sign,Functioning,0,0,0,False,False,False,Snow,,False,QUEEN ST S; ST GEORGE ST,3/7/2019 1:11:36 PM,,
46384,17-068971,1490971500000,2017,3,31,14,45,0,Friday,537651.60835,4807394.28016,-80.534899,43.4185,At/near private drive,1,Non-fatal injury,Thru lane,unknown,unknown,Turning movement,Unknown,Daylight,01 - Daylight,Municipal (excl. Twp. Rd.),No control,unknown,0,0,0,False,False,False,Rain,,False,WESTHEIGHTS DR; WESTHEIGHTS DR ; At; 5 M,3/7/2019 1:11:34 PM,,
46385,17-069103,1490950200000,2017,3,31,8,50,0,Friday,541968.47994,4808042.3544,-80.481526,43.424105999999995,At/near private drive,2,P.D. only,Thru lane,unknown,unknown,Sideswipe,Unknown,Daylight,01 - Daylight,Municipal (excl. Twp. Rd.),No control,unknown,0,0,0,False,False,False,"Fog, mist, smoke, dust",,False,ALPINE RD; ALPINE RD,3/7/2019 1:11:33 PM,,
46386,17-069407,1491004860000,2017,4,1,0,1,0,Saturday,544419.85869,4812462.44438,-80.45088299999999,43.463763,Non intersection,2,P.D. only,Thru lane,unknown,unknown,SMV unattended vehicle,Unknown,Dark,07 - Dark,Municipal (excl. Twp. Rd.),No control,unknown,0,0,0,False,False,False,Clear,,False,CARSON DR; CARSON DR ; 2 M,3/7/2019 1:11:32 PM,,
46387,17-069647,1491046800000,2017,4,1,11,40,0,Saturday,541842.7368,4803556.767,-80.483423,43.383724,Intersection related,2,P.D. only,Right turn channel,unknown,unknown,SMV other,Unknown,Daylight,01 - Daylight,Municipal (excl. Twp. Rd.),Stop sign,Functioning,0,0,0,False,False,False,Clear,,False,WOODBINE AVE ; SIENNA CRES ; 17.5 M,3/7/2019 1:11:31 PM,,
46388,17-070049,1491078180000,2017,4,1,20,23,0,Saturday,542397.65361,4806958.47535,-80.476308,43.414322,Non intersection,2,P.D. only,Thru lane,unknown,unknown,SMV unattended vehicle,Unknown,Dark,07 - Dark,Municipal (excl. Twp. Rd.),No control,unknown,0,0,0,False,False,False,Clear,,False,CEDARHILL CRES; CEDARHILL CRES ; At; 3 M,3/7/2019 1:11:30 PM,,
46389,17-070560,1491076800000,2017,4,1,20,0,0,Saturday,538370.34833,4805385.99265,-80.526162,43.40038,At/near private drive,2,P.D. only,Thru lane,unknown,unknown,SMV unattended vehicle,Unknown,Daylight,01 - Daylight,Municipal (excl. Twp. Rd.),No control,unknown,0,0,0,False,False,False,Clear,,False,GRAVEL RIDGE TRAIL; GRAVEL RIDGE TRAIL ; At,3/7/2019 1:11:29 PM,,
46390,17-070569,1491043800000,2017,4,1,10,50,0,Saturday,543710.72581,4811162.46557,-80.45975299999999,43.4521,At/near private drive,2,P.D. only,Thru lane,unknown,unknown,Turning movement,Unknown,Daylight,01 - Daylight,Municipal (excl. Twp. Rd.),No control,unknown,0,0,0,False,False,False,Clear,,False,WEDGEWOOD DR; WEDGEWOOD DR ; At,3/7/2019 1:11:28 PM,,
46391,17-071719,1491260760000,2017,4,3,23,6,0,Monday,545149.51694,4806768.78469,-80.442335,43.412454,Intersection related,2,P.D. only,Thru lane,unknown,unknown,Turning movement,Unknown,"Daylight, artificial","02 - Daylight, artificial",Regional municipality,Stop sign,Functioning,0,0,0,False,False,False,Rain,,False,WILSON AVE; WILSON AVE ; At,3/7/2019 1:11:27 PM,,
46392,17-072034,1491307440000,2017,4,4,12,4,0,Tuesday,541887.54667,4811018.19419,-80.482297,43.450905,Non intersection,2,P.D. only,Thru lane,unknown,unknown,SMV unattended vehicle,Unknown,Daylight,01 - Daylight,Municipal (excl. Twp. Rd.),No control,unknown,0,0,0,False,False,False,Rain,,False,IRVIN ST; IRVIN ST ; At; 1 M,3/7/2019 1:11:26 PM,,
46393,17-072362,1491307200000,2017,4,4,12,0,0,Tuesday,539943.824,4807610.81564,-80.506569,43.420331,Non intersection,2,P.D. only,Thru lane,unknown,unknown,SMV unattended vehicle,Unknown,Daylight,01 - Daylight,Municipal (excl. Twp. Rd.),No control,unknown,0,0,0,False,False,False,Clear,,False,WINDALE CRES; WINDALE CRES,3/7/2019 1:11:25 PM,,
46394,17-072852,1491390000000,2017,4,5,11,0,0,Wednesday,542351.81529,4811847.70664,-80.476495,43.458348,At intersection,2,P.D. only,Within intersection,unknown,unknown,Angle,Stop sign,Daylight,01 - Daylight,Municipal (excl. Twp. Rd.),Stop sign,Functioning,0,0,0,False,False,False,Clear,,False,DUNHAM AVE; MANSION ST,3/7/2019 1:11:24 PM,,
46395,17-072918,1490887800000,2017,3,30,15,30,0,Thursday,540946.55254,4811309.16101,-80.493905,43.453576999999996,Non intersection,2,P.D. only,Thru lane,unknown,unknown,SMV unattended vehicle,Unknown,Daylight,01 - Daylight,Regional municipality,No control,unknown,0,0,0,False,False,False,Clear,,False,FRANCIS ST N; WATER ST N,3/7/2019 1:11:23 PM,,
46396,17-073387,1491435060000,2017,4,5,23,31,0,Wednesday,543522.3522,4804921.65578,-80.46257899999999,43.395917999999995,Non intersection,1,Non-fatal injury,Thru lane,unknown,unknown,Sideswipe,Unknown,Dark,07 - Dark,Regional municipality,No control,unknown,0,0,0,False,False,False,Rain,,False,HURON RD; BATTLER RD; Near; 71 M,3/7/2019 1:11:22 PM,,
46397,17-073573,1491466200000,2017,4,6,8,10,0,Thursday,543856.05336,4805114.14215,-80.458443,43.397632,Intersection related,2,P.D. only,Right turn channel,unknown,unknown,Rear end,Unknown,Daylight,01 - Daylight,Regional municipality,Yield sign,Functioning,0,0,0,False,False,False,Rain,,False,HURON RD ; TRILLIUM DR ; Near,3/7/2019 1:11:21 PM,,
46398,17-073632,1491469320000,2017,4,6,9,2,0,Thursday,545209.63846,4811456.85054,-80.441204,43.454661,Non intersection,2,P.D. only,Thru lane,unknown,unknown,Sideswipe,Unknown,Daylight,01 - Daylight,Municipal (excl. Twp. Rd.),No control,unknown,0,0,0,False,False,False,Rain,,False,OLD YORK CRES; MONTCALM DR ; Near; 65 M,3/7/2019 1:11:20 PM,,
46399,17-073741,1491477240000,2017,4,6,11,14,0,Thursday,540611.79988,4809915.0433,-80.498147,43.441041999999996,At/near private drive,1,Non-fatal injury,Thru lane,unknown,unknown,Angle,Unknown,Daylight,01 - Daylight,Regional municipality,No control,unknown,0,0,0,False,False,False,Rain,,False,QUEENS BLVD; HIGHLAND RD W; At; 4 M,3/7/2019 1:11:19 PM,,
46400,17-074155,1491516960000,2017,4,6,22,16,0,Thursday,540984.09877,4811063.82956,-80.49346,43.451366,At intersection,1,Non-fatal injury,Within intersection,unknown,unknown,SMV other,Unknown,"Dark, artificial","08 - Dark, artificial",Regional municipality,Stop sign,Functioning,0,0,0,True,False,False,Snow,,False,KING ST W; COLLEGE ST,3/7/2019 1:11:17 PM,,
46401,17-074432,1491557880000,2017,4,7,9,38,0,Friday,540173.53748,4803088.68041,-80.504064,43.379601,Non intersection,2,P.D. only,Not on roadway - left side,unknown,unknown,SMV other,Unknown,Daylight,01 - Daylight,Municipal (excl. Twp. Rd.),No control,unknown,0,0,0,False,False,False,Drifting Snow,,False,HURON RD ; HURON RD ; At; 1 M,3/7/2019 1:11:16 PM,,
46402,17-074527,1491564300000,2017,4,7,11,25,0,Friday,541068.0,4811108.0,0.0,0.0,Non intersection,2,P.D. only,Thru lane,unknown,unknown,Approaching,Unknown,Daylight,01 - Daylight,Regional municipality,No control,unknown,0,0,0,False,False,False,Drifting Snow,,False,HURON RD; HURON RD ; Near; 200 M,3/7/2019 1:11:15 PM,,
46403,17-074544,1491465900000,2017,4,6,8,5,0,Thursday,542596.58267,4810117.07934,-80.47360499999999,43.442751,Non intersection,2,P.D. only,Thru lane,unknown,unknown,Rear end,Unknown,Daylight,01 - Daylight,Regional municipality,No control,unknown,0,0,0,False,False,False,Rain,,False,KING ST E; KING ST E,3/7/2019 1:11:14 PM,,
46404,17-074574,1490962320000,2017,3,31,12,12,0,Friday,541453.18162,4810823.83667,-80.487681,43.449179,Non intersection,2,P.D. only,Thru lane,unknown,unknown,Rear end,Unknown,Daylight,01 - Daylight,Regional municipality,No control,unknown,0,0,0,False,False,False,Clear,,False,KING ST E; BENTON ST; Near; 10 M,3/7/2019 1:11:13 PM,,
46405,17-074986,1491604140000,2017,4,7,22,29,0,Friday,541913.98581,4811637.01484,-80.481923,43.456475,At intersection,2,P.D. only,Within intersection,unknown,unknown,Turning movement,Unknown,Daylight,01 - Daylight,Municipal (excl. Twp. Rd.),Stop sign,Functioning,0,0,0,False,False,False,Clear,,False,LANCASTER ST E; MANSION ST,3/7/2019 1:11:12 PM,,
46406,17-074993,1491604680000,2017,4,7,22,38,0,Friday,544585.32046,4811725.78481,-80.448898,43.457119999999996,Non intersection,2,P.D. only,Left shoulder,unknown,unknown,SMV other,Unknown,Dark,07 - Dark,Municipal (excl. Twp. Rd.),No control,unknown,0,0,0,False,False,False,Clear,,False,RIVER RD E; LORRAINE AVE ; 20 M,3/7/2019 1:11:11 PM,,
46407,17-075195,1491636300000,2017,4,8,7,25,0,Saturday,541466.72907,4809535.33415,-80.487611,43.437577,At intersection,1,Non-fatal injury,Within intersection,unknown,unknown,Angle,Unknown,Daylight,01 - Daylight,Municipal (excl. Twp. Rd.),Traffic signal,Functioning,0,1,0,False,False,False,Clear,,False,MILL ST; STIRLING AVE S,3/7/2019 1:11:10 PM,,
46408,17-075220,1491563400000,2017,4,7,11,10,0,Friday,541024.92719,4809665.78264,-80.49306,43.438775,At/near private drive,2,P.D. only,Thru lane,unknown,unknown,Turning movement,Unknown,Daylight,01 - Daylight,Regional municipality,No control,unknown,0,0,0,False,False,False,Clear,,False,HIGHLAND RD E; HIGHLAND RD E; At,3/7/2019 1:11:09 PM,,
46409,17-075569,1491671880000,2017,4,8,17,18,0,Saturday,539110.90169,4811655.18982,-80.51656799999999,43.456790999999996,Non intersection,2,P.D. only,Thru lane,unknown,unknown,Sideswipe,Unknown,Daylight,01 - Daylight,Municipal (excl. Twp. Rd.),Traffic signal,Functioning,0,0,0,False,False,False,Clear,,False,PARK ST ; UNION BLVD ; Near; 15 M,3/7/2019 1:11:08 PM,,
46410,17-076867,1491813600000,2017,4,10,8,40,0,Monday,537958.95663,4807740.97962,-80.53107899999999,43.421606,At/near private drive,2,P.D. only,Thru lane,unknown,unknown,Turning movement,Unknown,Daylight,01 - Daylight,Municipal (excl. Twp. Rd.),No control,unknown,0,0,0,False,False,False,Clear,,False,AUTUMN HILL CRES; AUTUMN HILL CRES,3/7/2019 1:11:06 PM,,
46411,17-077253,1491843000000,2017,4,10,16,50,0,Monday,542191.685,4816104.28698,-80.478145,43.496683,Non intersection,2,P.D. only,Thru lane,unknown,unknown,Sideswipe,Unknown,Daylight,01 - Daylight,Municipal (excl. Twp. Rd.),No control,unknown,0,0,0,False,False,False,Clear,,False,REDTAIL ST; CONDOR ST; Near; 15 M,3/7/2019 1:11:05 PM,,
46412,17-078696,1491914700000,2017,4,11,12,45,0,Tuesday,541481.27437,4811647.37991,-80.48727099999999,43.456593,Non intersection,2,Non-reportable,Thru lane,unknown,unknown,SMV unattended vehicle,Unknown,Daylight,01 - Daylight,Municipal (excl. Twp. Rd.),No control,unknown,0,0,0,False,False,False,Clear,,False,ELLEN ST W; VICTORIA ST S,3/7/2019 1:11:04 PM,,
46413,17-078721,1492004100000,2017,4,12,13,35,0,Wednesday,539357.61285,4811713.96767,-80.513515,43.457307,Non intersection,2,P.D. only,Thru lane,unknown,unknown,SMV unattended vehicle,Unknown,Daylight,01 - Daylight,Municipal (excl. Twp. Rd.),No control,unknown,0,0,0,False,False,False,Clear,,False,MT HOPE ST ; KING ST W; 48 M,3/7/2019 1:11:03 PM,,
46414,17-078831,1491997500000,2017,4,12,11,45,0,Wednesday,541496.96166,4808575.0984,-80.48731,43.428929,Non intersection,2,P.D. only,Thru lane,unknown,unknown,Sideswipe,Unknown,Daylight,01 - Daylight,Regional municipality,No control,unknown,0,0,0,False,False,False,Clear,,False,HOMER WATSON BLVD; HOFFMAN ST; Near; 150 M,3/7/2019 1:11:02 PM,,
46415,17-078853,1492014000000,2017,4,12,16,20,0,Wednesday,544979.83053,4810991.85637,-80.444082,43.450488,At/near private drive,2,P.D. only,Thru lane,unknown,unknown,Turning movement,Unknown,Daylight,01 - Daylight,Regional municipality,Stop sign,Functioning,0,0,0,False,False,False,Clear,,False,RIVER RD E; OTTAWA ST N; Near,3/7/2019 1:11:01 PM,,
46416,17-079254,1492074060000,2017,4,13,9,1,0,Thursday,544117.41171,4811895.63556,-80.454668,43.458677,At intersection,1,Non-fatal injury,Within intersection,unknown,unknown,Angle,Unknown,Daylight,01 - Daylight,Municipal (excl. Twp. Rd.),Stop sign,Functioning,0,0,0,False,False,False,Clear,,False,RIVER RD E; MANCHESTER RD,3/7/2019 1:11:00 PM,,
46417,17-079438,1492080300000,2017,4,13,10,45,0,Thursday,541068.0,4811108.0,0.0,0.0,Other,1,Non-fatal injury,Off highway,unknown,unknown,SMV other,Unknown,Daylight,01 - Daylight,Private property,No control,unknown,0,0,0,True,False,False,Clear,,False,PARKING RAMP; At; 5 M,3/7/2019 1:10:58 PM,,
46418,17-079465,1491861600000,2017,4,10,22,0,0,Monday,547752.84926,4804395.88494,-80.410388,43.390927,Non intersection,2,P.D. only,Thru lane,unknown,unknown,SMV other,Unknown,Dark,07 - Dark,Municipal (excl. Twp. Rd.),No control,unknown,0,0,0,False,False,False,Rain,,False,DOON VALLEY DR; CONESTOGA COLLEGE BLVD; Near,3/7/2019 1:10:56 PM,,
46419,17-079589,1492091100000,2017,4,13,13,45,0,Thursday,540918.38332,4812367.74864,-80.494174,43.46311,At intersection,1,Non-fatal injury,Within intersection,unknown,unknown,SMV other,Unknown,Daylight,01 - Daylight,Municipal (excl. Twp. Rd.),Traffic signal,Functioning,0,0,0,True,False,False,Clear,,False,GUELPH ST; MARGARET AVE,3/7/2019 1:10:55 PM,,
46420,17-079617,1492100040000,2017,4,13,16,14,0,Thursday,541452.05084,4811098.86736,-80.487674,43.451654999999995,Non intersection,2,P.D. only,Off highway,unknown,unknown,SMV other,Unknown,Daylight,01 - Daylight,Regional municipality,No control,unknown,0,0,0,False,False,False,Clear,,False,QUEEN ST N; DUKE ST E; 100 M,3/7/2019 1:10:54 PM,,
46421,17-080275,1492128060000,2017,4,14,0,1,0,Friday,544034.69363,4802430.4946,-80.456453,43.373458,Intersection related,2,P.D. only,Off highway,unknown,unknown,SMV other,Unknown,Dark,07 - Dark,Regional municipality,Other,Functioning,0,0,0,False,False,False,Clear,,False,STAUFFER DR; REIDEL DR,3/7/2019 1:10:53 PM,,
46422,17-080374,1490986800000,2017,3,31,19,0,0,Friday,544371.83848,4807936.24045,-80.45184499999999,43.423012,Non intersection,2,P.D. only,Thru lane,unknown,unknown,SMV unattended vehicle,Unknown,Dark,07 - Dark,Municipal (excl. Twp. Rd.),No control,unknown,0,0,0,False,False,False,Snow,,False,MAYWOOD RD; MAYWOOD RD ; Near,3/7/2019 1:10:50 PM,,
46423,17-080387,1492184220000,2017,4,14,15,37,0,Friday,536912.31646,4808773.03525,-80.543938,43.430951,Non intersection,1,Non-fatal injury,Thru lane,unknown,unknown,SMV other,Unknown,Daylight,01 - Daylight,Municipal (excl. Twp. Rd.),No control,unknown,0,0,0,True,False,False,Clear,,False,HIDDEN CREEK DR; HIDDEN CREEK DR ; Near; 13 M,3/7/2019 1:10:49 PM,,
46424,17-081043,1492267860000,2017,4,15,14,51,0,Saturday,541001.73689,4807179.49779,-80.493533,43.41639,Intersection related,1,Non-fatal injury,Not on roadway - right side,unknown,unknown,SMV other,Unknown,Daylight,01 - Daylight,Municipal (excl. Twp. Rd.),Stop sign,Functioning,0,0,0,False,False,False,Clear,,False,LAURENTIAN DR; DUNSMERE DR ; At,3/7/2019 1:10:47 PM,,
46425,17-081107,1492272000000,2017,4,15,16,0,0,Saturday,542476.70828,4810689.51421,-80.475042,43.447911999999995,At/near private drive,2,P.D. only,Thru lane,unknown,unknown,SMV unattended vehicle,Unknown,Daylight,01 - Daylight,Municipal (excl. Twp. Rd.),No control,unknown,0,0,0,False,False,False,Clear,,False,SAMUEL ST ; SAMUEL ST; Near; 12 M,3/7/2019 1:10:45 PM,,
46426,17-081140,1492276740000,2017,4,15,17,19,0,Saturday,544839.65774,4811283.1835,-80.445791,43.45312,Non intersection,0,Fatal injury,Thru lane,unknown,unknown,SMV other,Unknown,Daylight,01 - Daylight,Regional municipality,No control,unknown,0,0,0,True,False,False,Clear,,False,RIVER RD E; HICKSON DR ; 182 M,3/7/2019 1:10:44 PM,,
46427,17-081680,1492257600000,2017,4,15,12,0,0,Saturday,539831.27932,4807608.23308,-80.50796,43.420314,Non intersection,2,P.D. only,Thru lane,unknown,unknown,Sideswipe,Unknown,Daylight,01 - Daylight,Municipal (excl. Twp. Rd.),No control,unknown,0,0,0,False,False,False,Clear,,False,WINDALE CRES; WINDALE CRES,3/7/2019 1:10:43 PM,,
46428,17-083196,1492522500000,2017,4,18,13,35,0,Tuesday,542972.77646,4809062.7855,-80.469039,43.433237,Non intersection,2,P.D. only,Thru lane,unknown,unknown,Rear end,Unknown,Daylight,01 - Daylight,Municipal (excl. Twp. Rd.),No control,unknown,0,0,0,False,False,False,Clear,,False,CARWOOD AVE; CAYLEY CRT; Near; 100 M,3/7/2019 1:10:41 PM,,
46429,17-083404,1492536600000,2017,4,18,17,30,0,Tuesday,545575.72555,4807912.38254,-80.43697499999999,43.422725,At/near private drive,1,Non-fatal injury,Thru lane,unknown,unknown,Turning movement,Unknown,Daylight,01 - Daylight,Municipal (excl. Twp. Rd.),Stop sign,Functioning,0,0,0,False,False,False,Clear,,False,WABANAKI DR; FAIRWAY RD N; 29 M,3/7/2019 1:10:40 PM,,
46430,17-083901,1487426400000,2017,2,18,14,0,0,Saturday,542031.40349,4810470.72598,-80.48056199999999,43.445966999999996,At/near private drive,2,P.D. only,Thru lane,unknown,unknown,Other,Unknown,Daylight,01 - Daylight,Municipal (excl. Twp. Rd.),No control,unknown,0,0,0,False,False,False,Clear,,False,BETZNER AVE N; KING ST E; Near,3/7/2019 1:10:39 PM,,
46431,17-083949,1492597800000,2017,4,19,10,30,0,Wednesday,541312.92058,4809125.08968,-80.489543,43.433890999999996,At/near private drive,2,P.D. only,Thru lane,unknown,unknown,Other,Unknown,Daylight,01 - Daylight,Regional municipality,No control,unknown,0,0,0,False,False,False,Clear,,False,HIGHLAND RD E; HIGHLAND RD E; Near,3/7/2019 1:10:38 PM,,
46432,17-085022,1492668000000,2017,4,20,6,0,0,Thursday,544424.51034,4805046.63691,-80.45142899999999,43.396991,At/near private drive,2,P.D. only,Thru lane,unknown,unknown,SMV unattended vehicle,Unknown,"Dark, artificial","08 - Dark, artificial",Municipal (excl. Twp. Rd.),No control,unknown,0,0,0,False,False,False,Clear,,False,CLUTHE CRES; CLUTHE CRES; At,3/7/2019 1:10:37 PM,,
46433,17-085277,1492738200000,2017,4,21,1,30,0,Friday,541177.92911,4808251.95944,-80.491276,43.426037,Intersection related,2,P.D. only,Right shoulder,unknown,unknown,SMV other,Unknown,"Dark, artificial","08 - Dark, artificial",Municipal (excl. Twp. Rd.),No control,unknown,0,0,0,False,False,False,Rain,,False,CHANDLER DR ; STRASBURG RD ; 2 M,3/7/2019 1:10:36 PM,,
46434,17-085557,1492777260000,2017,4,21,12,21,0,Friday,539087.28537,4811223.95334,-80.516891,43.452909,Non intersection,2,P.D. only,Thru lane,unknown,unknown,SMV unattended vehicle,Unknown,Daylight,01 - Daylight,Municipal (excl. Twp. Rd.),No control,unknown,0,0,0,False,False,False,Clear,,False,BELMONT LANE E; BELMONT AVE W; Near; 30 M,3/7/2019 1:10:35 PM,,
46435,17-085589,1492772400000,2017,4,21,11,0,0,Friday,548208.1447,4811207.35061,-80.40416599999999,43.452228,At intersection,2,P.D. only,Within intersection,unknown,unknown,Turning movement,Unknown,Daylight,01 - Daylight,Municipal (excl. Twp. Rd.),Stop sign,Functioning,0,0,0,False,False,False,Rain,,False,WATERVALE DR; EDEN OAK TRAIL,3/7/2019 1:10:34 PM,,
46436,17-085736,1492787700000,2017,4,21,15,15,0,Friday,541784.48085,4808435.01212,-80.483769,43.427651999999995,Non intersection,2,Non-reportable,Thru lane,unknown,unknown,Rear end,Unknown,Daylight,01 - Daylight,Regional municipality,Traffic signal,Functioning,0,0,0,False,False,False,Clear,,False,HOMER WATSON BLVD; OTTAWA ST S; Near; 150 M,3/7/2019 1:10:33 PM,,
46437,17-085798,1492795320000,2017,4,21,17,22,0,Friday,546062.01569,4809493.92361,-80.43083399999999,43.436935,At intersection,2,P.D. only,Within intersection,unknown,unknown,Turning movement,Unknown,Daylight,01 - Daylight,Regional municipality,Traffic signal,Functioning,0,0,0,False,False,False,Clear,,False,RIVER RD E; KINZIE AVE,3/7/2019 1:10:32 PM,,
46438,17-086019,1492813080000,2017,4,21,22,18,0,Friday,546263.26687,4803546.93714,-80.428851,43.383376,Non intersection,2,P.D. only,Thru lane,unknown,unknown,SMV unattended vehicle,Unknown,Dark,07 - Dark,Municipal (excl. Twp. Rd.),No control,unknown,0,0,0,False,False,False,Clear,,False,DOON MILLS DR ; DOON MILLS DR ; At; 6 M,3/7/2019 1:10:31 PM,,
46439,17-087062,1492914600000,2017,4,23,2,30,0,Sunday,536918.74326,4808653.26049,-80.54386699999999,43.429871999999996,Non intersection,2,P.D. only,Right shoulder,unknown,unknown,SMV other,Unknown,Dark,07 - Dark,Municipal (excl. Twp. Rd.),Traffic controller,unknown,0,0,0,False,False,False,Clear,,False,WESTFOREST TRAIL; HOLLYRIDGE CRES ; Near; 55 M,3/7/2019 1:10:29 PM,,
46440,17-087145,1492819140000,2017,4,21,23,59,0,Friday,543242.49524,4807188.40457,-80.46585499999999,43.416343999999995,At/near private drive,2,P.D. only,Thru lane,unknown,unknown,SMV unattended vehicle,Unknown,Dark,07 - Dark,Municipal (excl. Twp. Rd.),No control,unknown,0,0,0,False,False,False,Clear,,False,BRISBANE CRT; BRISBANE CRT ; Near,3/7/2019 1:10:28 PM,,
46441,17-087321,1492949700000,2017,4,23,12,15,0,Sunday,545818.57371,4803012.17229,-80.43438599999999,43.378588,Non intersection,2,P.D. only,Thru lane,unknown,unknown,SMV unattended vehicle,Unknown,Daylight,01 - Daylight,Municipal (excl. Twp. Rd.),No control,unknown,0,0,0,False,False,False,Clear,,False,ROBERT FERRIE DR; ROBERT FERRIE DR ; Near,3/7/2019 1:10:27 PM,,
46442,17-087959,1492999200000,2017,4,24,2,0,0,Monday,537066.76854,4808847.68407,-80.542025,43.431616,Non intersection,2,P.D. only,Thru lane,unknown,unknown,SMV unattended vehicle,Unknown,Dark,07 - Dark,Municipal (excl. Twp. Rd.),No control,unknown,0,0,0,False,False,False,Clear,,False,HIDDEN CREEK DR; HIDDEN CREEK DR ; Near,3/7/2019 1:10:26 PM,,
46443,17-088106,1492977600000,2017,4,23,20,0,0,Sunday,545126.77945,4804748.23085,-80.442782,43.394262,Non intersection,2,P.D. only,Thru lane,unknown,unknown,SMV unattended vehicle,Unknown,"Dark, artificial","08 - Dark, artificial",Municipal (excl. Twp. Rd.),No control,unknown,0,0,0,False,False,False,Clear,,False,PIONEER DR; PIONEER DR ; Near,3/7/2019 1:10:25 PM,,
46444,17-088257,1492801200000,2017,4,21,19,0,0,Friday,541626.56086,4804008.66868,-80.486057,43.387805,Non intersection,1,Non-fatal injury,Right shoulder,unknown,unknown,SMV unattended vehicle,Unknown,Daylight,01 - Daylight,Municipal (excl. Twp. Rd.),No control,unknown,0,0,0,False,False,False,Clear,,False,SEABROOK DR; SEABROOK DR; Near; 1 M,3/7/2019 1:10:24 PM,,