OBJECTID,ACCIDENTNUM,ACCIDENTDATE,ACCIDENT_YEAR,ACCIDENT_MONTH,ACCIDENT_DAY,ACCIDENT_HOUR,ACCIDENT_MINUTE,ACCIDENT_SECOND,ACCIDENT_WEEKDAY,XCOORD,YCOORD,LONGITUDE,LATITUDE,ACCIDENTLOCATION,COLLISIONTYPE,CLASSIFICATIONOFACCIDENT,IMPACTLOCATION,INITIALDIRECTIONOFTRAVELONE,INITIALDIRECTIONOFTRAVELTWO,INITIALIMPACTTYPE,INTTRAFFICCONTROL,LIGHT,LIGHTFORREPORT,ROADJURISDICTION,TRAFFICCONTROL,TRAFFICCONTROLCONDITION,THRULANENO,NORTHBOUNDDISOBEYCOUNT,SOUTHBOUNDDISOBEYCOUNT,PEDESTRIANINVOLVED,CYCLISTINVOLVED,MOTORCYCLISTINVOLVED,ENVIRONMENTCONDITION1,ENVIRONMENTCONDITION2,SELFREPORTED,XMLIMPORTNOTES,LASTEDITEDDATE,CREATE_BY,CREATE_DATE
46445,17-088611,1493104020000,2017,4,25,7,7,0,Tuesday,545288.18318,4810338.01724,-80.440326,43.444583,At intersection,1,Non-fatal injury,Within intersection,unknown,unknown,Turning movement,Unknown,Daylight,01 - Daylight,Municipal (excl. Twp. Rd.),Stop sign,Functioning,0,0,0,False,True,False,Rain,,False,KENORA DR; RIVER RD E,3/7/2019 1:10:23 PM,,
46446,17-088775,1493119800000,2017,4,25,11,30,0,Tuesday,539296.02902,4811574.21565,-80.514286,43.456052,At intersection,2,P.D. only,Within intersection,unknown,unknown,Angle,Unknown,Daylight,01 - Daylight,Municipal (excl. Twp. Rd.),Stop sign,Functioning,0,0,0,False,False,False,Rain,,False,PARK ST; MT HOPE ST,3/7/2019 1:10:22 PM,,
46447,17-088931,1493132280000,2017,4,25,14,58,0,Tuesday,539315.83342,4810615.40501,-80.51411,43.447418,At intersection,2,P.D. only,Within intersection,unknown,unknown,Turning movement,Unknown,Daylight,01 - Daylight,Municipal (excl. Twp. Rd.),Traffic signal,Functioning,0,0,0,False,False,False,Clear,,False,BELMONT AVE W; GAGE AVE,3/7/2019 1:10:21 PM,,
46448,17-089559,1493204880000,2017,4,26,11,8,0,Wednesday,540623.24778,4809930.44534,-80.498004,43.441179999999996,At/near private drive,1,Non-fatal injury,Thru lane,unknown,unknown,Rear end,Unknown,Daylight,01 - Daylight,Regional municipality,No control,unknown,0,0,0,False,False,False,Clear,,False,QUEENS BLVD; HIGHLAND RD W; Near; 9 M,3/7/2019 1:10:19 PM,,
46449,17-089590,1493207160000,2017,4,26,11,46,0,Wednesday,539639.40367,4809594.2459,-80.51018599999999,43.438206,Non intersection,2,P.D. only,Thru lane,unknown,unknown,Turning movement,Unknown,Daylight,01 - Daylight,Regional municipality,No control,unknown,0,0,0,False,False,False,Clear,,False,LAWRENCE AVE; HIGHLAND RD W; At; 3 M,3/7/2019 1:10:18 PM,,
46450,17-089621,1492873200000,2017,4,22,15,0,0,Saturday,541971.82204,4811067.1076,-80.481252,43.451341,Non intersection,2,P.D. only,Right shoulder,unknown,unknown,SMV unattended vehicle,Unknown,Daylight,01 - Daylight,Municipal (excl. Twp. Rd.),No control,unknown,0,0,0,False,False,False,Clear,,False,HOHNER AVE; HOHNER AVE ; Near,3/7/2019 1:10:17 PM,,
46451,17-089782,1493219400000,2017,4,26,15,10,0,Wednesday,542488.53958,4806258.94764,-80.47524,43.408018999999996,At/near private drive,2,Non-reportable,Thru lane,unknown,unknown,Other,Unknown,Daylight,01 - Daylight,Municipal (excl. Twp. Rd.),No control,unknown,0,0,0,False,False,False,Clear,,False,STRASBURG RD; STRASBURG RD,3/7/2019 1:10:16 PM,,
46452,17-090608,1493308380000,2017,4,27,15,53,0,Thursday,544117.41798,4811894.67756,-80.454668,43.458669,At intersection,1,Non-fatal injury,Within intersection,unknown,unknown,Angle,Unknown,Daylight,01 - Daylight,Regional municipality,Stop sign,Functioning,0,0,0,False,False,False,Clear,,False,RIVER RD E; MANCHESTER RD,3/7/2019 1:10:15 PM,,
46453,17-090640,1493307900000,2017,4,27,15,45,0,Thursday,545043.29944,4807709.90777,-80.443569,43.420933999999995,At/near private drive,2,P.D. only,Left turn lane,unknown,unknown,Turning movement,Unknown,Daylight,01 - Daylight,Regional municipality,No control,unknown,0,0,0,False,False,False,Clear,,False,WILSON AVE; 310 FAIRWAY RD S; Near,3/7/2019 1:10:13 PM,,
46454,17-090691,1493307900000,2017,4,27,15,45,0,Thursday,545144.38033,4807574.28131,-80.442332,43.419706999999995,At/near private drive,2,P.D. only,Left turn lane,unknown,unknown,Turning movement,Unknown,Daylight,01 - Daylight,Municipal (excl. Twp. Rd.),No control,unknown,0,0,0,False,False,False,Clear,,False,WILSON AVE; FAIRWAY RD S; Near,3/7/2019 1:10:12 PM,,
46455,17-090893,1493333820000,2017,4,27,22,57,0,Thursday,541402.58729,4811011.37073,-80.488292,43.450869999999995,Intersection related,2,P.D. only,Thru lane,unknown,unknown,Rear end,Unknown,Dark,07 - Dark,Municipal (excl. Twp. Rd.),Traffic signal,Functioning,0,0,0,False,False,False,Clear,,False,QUEEN ST N; DUKE ST E; 10 M,3/7/2019 1:10:11 PM,,
46456,17-091208,1493299800000,2017,4,27,13,30,0,Thursday,540511.52748,4807818.10242,-80.499541,43.422166999999995,Non intersection,2,P.D. only,Thru lane,unknown,unknown,SMV unattended vehicle,Unknown,Daylight,01 - Daylight,Municipal (excl. Twp. Rd.),No control,unknown,0,0,0,False,False,False,Clear,,False,MOWAT BLVD; MOWAT BLVD; Near,3/7/2019 1:10:09 PM,,
46457,17-092024,1493453940000,2017,4,29,8,19,0,Saturday,537110.01236,4806766.29395,-80.54163199999999,43.412872,At/near private drive,2,P.D. only,Other,unknown,unknown,SMV unattended vehicle,Unknown,Daylight,01 - Daylight,Municipal (excl. Twp. Rd.),No control,unknown,0,0,0,False,False,False,Clear,,False,CEDAR CREST ST; CEDAR CREST ST ; Near; 6 M,3/7/2019 1:10:08 PM,,
46458,17-092055,1493457540000,2017,4,29,9,19,0,Saturday,538277.15878,4806718.31282,-80.52722,43.412382,Non intersection,2,P.D. only,Off highway,unknown,unknown,SMV other,Unknown,Daylight,01 - Daylight,Municipal (excl. Twp. Rd.),No control,unknown,0,0,0,False,False,False,Clear,,False,INDIGO ST; INDIGO ST ; At; 50 M,3/7/2019 1:10:07 PM,,
46459,17-092763,1493488800000,2017,4,29,18,0,0,Saturday,544510.17401,4804404.62365,-80.450424,43.391205,At/near private drive,2,P.D. only,Thru lane,unknown,unknown,Angle,Unknown,Daylight,01 - Daylight,Regional municipality,No control,unknown,0,0,0,False,False,False,Clear,,False,PIONEER DR; PIONEER DR,3/7/2019 1:10:06 PM,,
46460,17-093398,1493586300000,2017,4,30,21,5,0,Sunday,536881.49983,4808173.15085,-80.54436,43.425551,At/near private drive,2,P.D. only,Thru lane,unknown,unknown,Turning movement,Unknown,"Dark, artificial","08 - Dark, artificial",Municipal (excl. Twp. Rd.),No control,unknown,0,0,0,False,False,False,Rain,,False,WESTFOREST TRAIL; WESTFOREST TRAIL,3/7/2019 1:10:05 PM,,
46461,17-093484,1490684400000,2017,3,28,7,0,0,Tuesday,539151.96129,4809677.96915,-80.51620299999999,43.438984999999995,Non intersection,2,P.D. only,Thru lane,unknown,unknown,SMV unattended vehicle,Unknown,"Dark, artificial","08 - Dark, artificial",Municipal (excl. Twp. Rd.),No control,unknown,0,0,0,False,False,False,Clear,,False,PAULANDER DR; PAULANDER DR,3/7/2019 1:10:03 PM,,
46463,17-093737,1493649000000,2017,5,1,14,30,0,Monday,542559.22474,4811416.5787,-80.47396499999999,43.454454,At intersection,2,P.D. only,Within intersection,unknown,unknown,Angle,Unknown,Daylight,01 - Daylight,Municipal (excl. Twp. Rd.),Stop sign,Functioning,0,0,0,False,False,False,Rain,,False,EAST AVE; CHAPEL ST,3/7/2019 1:10:00 PM,,
46464,17-093914,1493285400000,2017,4,27,9,30,0,Thursday,538405.41263,4806665.12993,-80.525639,43.411896,At/near private drive,2,P.D. only,Thru lane,unknown,unknown,SMV unattended vehicle,Unknown,Daylight,01 - Daylight,Municipal (excl. Twp. Rd.),No control,unknown,0,0,0,False,False,False,Clear,,False,PROSPERITY DR; PROSPERITY DR,3/7/2019 1:09:59 PM,,
46465,17-094360,1493723400000,2017,5,2,11,10,0,Tuesday,540172.5345,4809411.96577,-80.50361199999999,43.436536,At intersection,1,Non-fatal injury,Within intersection,unknown,unknown,Turning movement,Unknown,Daylight,01 - Daylight,Municipal (excl. Twp. Rd.),Traffic signal,Functioning,0,0,0,False,False,False,Rain,,False,QUEENS BLVD; BELMONT AVE E,3/7/2019 1:09:58 PM,,
46466,17-094387,1493725680000,2017,5,2,11,48,0,Tuesday,541299.16397,4812438.85575,-80.489462,43.463729,Non intersection,2,P.D. only,Thru lane,unknown,unknown,SMV unattended vehicle,Unknown,Daylight,01 - Daylight,Municipal (excl. Twp. Rd.),Stop sign,Functioning,0,0,0,False,False,False,Rain,,False,BLUCHER BLVD; ST LEGER ST; 5 M,3/7/2019 1:09:57 PM,,
46467,17-094436,1493729100000,2017,5,2,12,45,0,Tuesday,539315.83343,4810615.40496,-80.51411,43.447418,At intersection,1,Non-fatal injury,Within intersection,unknown,unknown,Turning movement,Unknown,Daylight,01 - Daylight,Municipal (excl. Twp. Rd.),Traffic signal,Functioning,0,0,0,False,False,False,Rain,,False,GAGE AVE; BELMONT AVE W,3/7/2019 1:09:56 PM,,
46468,17-094508,1493506800000,2017,4,29,23,0,0,Saturday,541423.62683,4811534.28379,-80.48799199999999,43.455577999999996,Non intersection,2,P.D. only,Thru lane,unknown,unknown,SMV unattended vehicle,Unknown,"Dark, artificial","08 - Dark, artificial",Municipal (excl. Twp. Rd.),No control,unknown,0,0,0,False,False,False,Rain,,False,MARGARET AVE; MAYNARD AVE; Near,3/7/2019 1:09:55 PM,,
46469,17-094574,1493734200000,2017,5,2,14,10,0,Tuesday,544113.24423,4813216.57205,-80.454612,43.470571,At/near private drive,2,P.D. only,Thru lane,unknown,unknown,Rear end,Unknown,Daylight,01 - Daylight,Municipal (excl. Twp. Rd.),No control,unknown,0,0,0,False,False,False,Rain,,False,SHIRLEY AVE; SHIRLEY AVE; Near,3/7/2019 1:09:54 PM,,
46470,17-094593,1493722200000,2017,5,2,10,50,0,Tuesday,545758.6885,4802732.75768,-80.435148,43.376076,At/near private drive,2,P.D. only,Thru lane,unknown,unknown,SMV unattended vehicle,Unknown,Daylight,01 - Daylight,Municipal (excl. Twp. Rd.),No control,unknown,0,0,0,False,False,False,Rain,,False,STEEPLERIDGE ST; STEEPLERIDGE ST ; Near,3/7/2019 1:09:52 PM,,
46471,17-094706,1493647200000,2017,5,1,14,0,0,Monday,544559.74742,4811739.98679,-80.449213,43.457249999999995,Intersection related,2,P.D. only,Thru lane,unknown,unknown,Rear end,Unknown,Daylight,01 - Daylight,Municipal (excl. Twp. Rd.),Traffic signal,Functioning,0,0,0,False,False,False,Rain,,False,RIVER RD E; LORRAINE AVE,3/7/2019 1:09:51 PM,,
46472,17-094737,1493753580000,2017,5,2,19,33,0,Tuesday,543044.21382,4809758.10975,-80.468102,43.439493,At intersection,2,P.D. only,Within intersection,unknown,unknown,Angle,Unknown,Dusk,05 - Dusk,Municipal (excl. Twp. Rd.),Stop sign,Functioning,0,0,1,False,False,False,Rain,,False,CHARLES ST E; PRESTON ST,3/7/2019 1:09:50 PM,,
46473,17-094868,1493767800000,2017,5,2,23,30,0,Tuesday,545481.20994,4804348.99302,-80.438439,43.390646,At intersection,2,P.D. only,Within intersection,unknown,unknown,Turning movement,Unknown,Dark,07 - Dark,Municipal (excl. Twp. Rd.),Stop sign,Functioning,0,0,0,False,False,False,Rain,,False,DOON VILLAGE RD; ANVIL ST,3/7/2019 1:09:49 PM,,
46474,17-094975,1493796120000,2017,5,3,7,22,0,Wednesday,536286.6683,4808319.14109,-80.551698,43.426894999999995,Non intersection,2,P.D. only,Thru lane,unknown,unknown,SMV unattended vehicle,Unknown,Daylight,01 - Daylight,Municipal (excl. Twp. Rd.),No control,unknown,0,0,0,False,False,False,Clear,,False,WESTMEADOW DR; SUNNY MEADOW CRT ; At; 300 M,3/7/2019 1:09:48 PM,,
46475,17-095129,1493731800000,2017,5,2,13,30,0,Tuesday,538150.87261,4809051.39719,-80.528617,43.433395,At/near private drive,2,P.D. only,Right shoulder,unknown,unknown,SMV unattended vehicle,Unknown,Daylight,01 - Daylight,Municipal (excl. Twp. Rd.),No control,unknown,0,0,0,False,False,False,Rain,,False,BENESFORT DR; BENESFORT DR; Near,3/7/2019 1:09:47 PM,,
46476,17-095252,1493816580000,2017,5,3,13,3,0,Wednesday,542582.10327,4810125.61253,-80.473783,43.442828999999996,At intersection,2,P.D. only,Within intersection,unknown,unknown,Angle,Unknown,Daylight,01 - Daylight,Regional municipality,Traffic signal,Functioning,0,0,0,False,False,False,Clear,,False,KING ST E; BORDEN AVE S,3/7/2019 1:09:46 PM,,
46477,17-095422,1493828340000,2017,5,3,16,19,0,Wednesday,545108.35323,4807723.57961,-80.442764,43.421053,At/near private drive,1,Non-fatal injury,Right turn lane,unknown,unknown,Turning movement,Unknown,Daylight,01 - Daylight,Municipal (excl. Twp. Rd.),Stop sign,Functioning,0,0,0,False,False,False,Clear,,False,WILSON AVE ; FAIRWAY RD S; At; 2 M,3/7/2019 1:09:45 PM,,
46478,17-095469,1493820000000,2017,5,3,14,0,0,Wednesday,539244.72827,4810771.17819,-80.514978,43.448823999999995,At/near private drive,2,P.D. only,Thru lane,unknown,unknown,Turning movement,Unknown,Daylight,01 - Daylight,Municipal (excl. Twp. Rd.),No control,unknown,0,0,0,False,False,False,Clear,,False,BELMONT AVE W; BELMONT AVE W; Near,3/7/2019 1:09:44 PM,,
46479,17-095860,1493886600000,2017,5,4,8,30,0,Thursday,544820.13071,4805065.36009,-80.44654299999999,43.397135999999996,At intersection,2,P.D. only,Within intersection,unknown,unknown,Rear end,Unknown,Daylight,01 - Daylight,Municipal (excl. Twp. Rd.),Stop sign,Functioning,0,0,0,False,False,False,Clear,,False,DOON VILLAGE RD; UPPER CANADA DR,3/7/2019 1:09:43 PM,,
46480,17-096058,1493900820000,2017,5,4,12,27,0,Thursday,539234.47948,4811445.22523,-80.515056,43.454893999999996,At intersection,2,P.D. only,Within intersection,unknown,unknown,Angle,Unknown,Daylight,01 - Daylight,Municipal (excl. Twp. Rd.),Stop sign,Functioning,0,0,0,False,False,False,Rain,,False,YORK ST; MT HOPE ST,3/7/2019 1:09:42 PM,,
46481,17-096087,1493828700000,2017,5,3,16,25,0,Wednesday,541898.42773,4812219.71258,-80.48207099999999,43.461723,Non intersection,2,P.D. only,Thru lane,unknown,unknown,Sideswipe,Unknown,Daylight,01 - Daylight,Municipal (excl. Twp. Rd.),No control,unknown,0,0,0,False,False,False,Clear,,False,WELLINGTON ST N; WELLINGTON ST N; Near,3/7/2019 1:09:41 PM,,
46482,17-096093,1493904000000,2017,5,4,13,20,0,Thursday,541035.95744,4810976.43861,-80.492825,43.450576,At intersection,1,Non-fatal injury,Within intersection,unknown,unknown,Angle,Unknown,Daylight,01 - Daylight,Municipal (excl. Twp. Rd.),No control,unknown,0,0,0,False,False,False,Rain,,False,GAUKEL ST; HALLS LANE W,3/7/2019 1:09:40 PM,,
46483,17-096186,1493825400000,2017,5,3,15,30,0,Wednesday,546101.63605,4804420.19651,-80.430773,43.391248999999995,At/near private drive,2,P.D. only,Thru lane,unknown,unknown,SMV unattended vehicle,Unknown,Daylight,01 - Daylight,Municipal (excl. Twp. Rd.),No control,unknown,0,0,0,False,False,False,Clear,,False,OLD CARRIAGE DR; OLD CARRIAGE DR ; At,3/7/2019 1:09:39 PM,,
46484,17-096232,1493916120000,2017,5,4,16,42,0,Thursday,545157.21422,4807237.86854,-80.442201,43.416677,Intersection related,1,Non-fatal injury,Thru lane,unknown,unknown,Turning movement,Stop sign,Daylight,01 - Daylight,Regional municipality,Stop sign,Functioning,0,0,0,False,False,False,Rain,,False,WILSON AVE; WEBSTER RD ; At,3/7/2019 1:09:38 PM,,
46485,17-096303,1493923380000,2017,5,4,18,43,0,Thursday,539349.30327,4806752.22724,-80.513975,43.412631,At/near private drive,2,P.D. only,Thru lane,unknown,unknown,Other,Unknown,Dusk,05 - Dusk,Regional municipality,No control,unknown,0,0,0,False,False,False,Rain,,False,GREY FOX DR; GREY FOX DR ; At; 4 M,3/7/2019 1:09:37 PM,,
46486,17-096525,1493950500000,2017,5,5,2,15,0,Friday,541467.18883,4810561.0971,-80.487527,43.446812,Non intersection,2,P.D. only,Thru lane,unknown,unknown,SMV unattended vehicle,Unknown,"Dark, artificial","08 - Dark, artificial",Municipal (excl. Twp. Rd.),No control,unknown,0,0,0,False,False,False,Rain,,False,CHURCH ST; BENTON ST ; Near; 159 M,3/7/2019 1:09:36 PM,,
46487,17-096573,1493966100000,2017,5,5,6,35,0,Friday,545882.19005,4803946.7902,-80.433522,43.387,Non intersection,1,Non-fatal injury,Not on roadway - right side,unknown,unknown,SMV other,Unknown,Dawn,03 - Dawn,Municipal (excl. Twp. Rd.),No control,unknown,0,0,0,False,False,False,Rain,,False,DOON MILLS DR; DOON MILLS DR ; Near; 1 M,3/7/2019 1:09:34 PM,,
46488,17-096577,1493968620000,2017,5,5,7,17,0,Friday,544513.15592,4808387.3712,-80.450062,43.427065,At intersection,2,P.D. only,Within intersection,unknown,unknown,Angle,Unknown,Daylight,01 - Daylight,Municipal (excl. Twp. Rd.),Stop sign,Functioning,0,0,0,False,False,False,Rain,,False,GREENFIELD AVE; NINTH AVE,3/7/2019 1:09:33 PM,,
46489,17-096631,1493973480000,2017,5,5,8,38,0,Friday,547357.52263,4804244.48408,-80.41528199999999,43.389589,At intersection,1,Non-fatal injury,Within intersection,unknown,unknown,Turning movement,Unknown,Daylight,01 - Daylight,Municipal (excl. Twp. Rd.),Traffic signal,Functioning,0,0,0,False,False,False,Rain,,False,DOON VALLEY DR; PINNACLE DR,3/7/2019 1:09:32 PM,,
46490,17-096660,1493975400000,2017,5,5,9,10,0,Friday,544156.4078,4813232.64249,-80.454077,43.470712999999996,Non intersection,2,P.D. only,Thru lane,unknown,unknown,Sideswipe,Unknown,Daylight,01 - Daylight,Municipal (excl. Twp. Rd.),No control,unknown,0,0,0,False,False,False,Rain,,False,BINGEMANS CENTRE DR; BINGEMANS CENTRE DR ; Near; 40 M,3/7/2019 1:09:31 PM,,
46491,17-096692,1493928600000,2017,5,4,20,10,0,Thursday,545365.59502,4811021.91907,-80.439312,43.450736,At intersection,2,P.D. only,Within intersection,unknown,unknown,Angle,Unknown,Dusk,05 - Dusk,Municipal (excl. Twp. Rd.),Stop sign,Functioning,0,0,0,False,False,False,Rain,,False,HOLBORN DR; OLD CHICOPEE DR,3/7/2019 1:09:30 PM,,
46492,17-096971,1493622000000,2017,5,1,7,0,0,Monday,541038.94061,4806814.53264,-80.493101,43.413101999999995,Non intersection,2,P.D. only,Right shoulder,unknown,unknown,SMV unattended vehicle,Unknown,"Dark, artificial","08 - Dark, artificial",Municipal (excl. Twp. Rd.),No control,unknown,0,0,0,False,False,False,Clear,,False,RADCLIFFE DR; RADCLIFFE DR,3/7/2019 1:09:29 PM,,
46493,17-096974,1493980200000,2017,5,5,10,30,0,Friday,536516.58597,4809641.69721,-80.548769,43.438792,At/near private drive,2,P.D. only,Thru lane,unknown,unknown,Other,Unknown,Daylight,01 - Daylight,Municipal (excl. Twp. Rd.),No control,unknown,0,0,0,False,False,False,Rain,,False,NORTHMANOR CRES; NORTHMANOR CRES; At,3/7/2019 1:09:28 PM,,
46494,17-097009,1493997000000,2017,5,5,15,10,0,Friday,543862.15258,4813099.98788,-80.457726,43.469536,Non intersection,2,P.D. only,Thru lane,unknown,unknown,Rear end,Unknown,Daylight,01 - Daylight,Municipal (excl. Twp. Rd.),No control,unknown,0,0,0,False,False,False,Rain,,False,SHIRLEY AVE; SHIRLEY AVE; Near,3/7/2019 1:09:27 PM,,
46495,17-097156,1494023040000,2017,5,5,22,24,0,Friday,547297.05724,4809114.2601,-80.415607,43.43344,Non intersection,2,P.D. only,Left shoulder,unknown,unknown,SMV unattended vehicle,Unknown,Dark,07 - Dark,Municipal (excl. Twp. Rd.),No control,unknown,0,0,0,False,False,False,Clear,,False,QUINTE CRES; QUINTE CRES ; 0 M,3/7/2019 1:09:26 PM,,
46496,17-097995,1494124800000,2017,5,7,2,40,0,Sunday,543211.25978,4808978.4274,-80.466099,43.432463999999996,Non intersection,1,Non-fatal injury,Thru lane,unknown,unknown,SMV unattended vehicle,Unknown,"Daylight, artificial","02 - Daylight, artificial",Municipal (excl. Twp. Rd.),No control,unknown,0,0,0,False,False,False,Clear,,False,DIXON ST; CARWOOD AVE ; 51 M,3/7/2019 1:09:25 PM,,
46497,17-098793,1494178500000,2017,5,7,17,35,0,Sunday,543231.07225,4804483.06374,-80.46620999999999,43.391985999999996,At intersection,2,P.D. only,Within intersection,unknown,unknown,Turning movement,Unknown,Daylight,01 - Daylight,Regional municipality,Yield sign,Functioning,0,0,0,False,False,False,Clear,,False,HURON RD; STRASBURG RD,3/7/2019 1:09:24 PM,,
46498,17-098923,1494237600000,2017,5,8,10,0,0,Monday,545041.586,4807263.93963,-80.44362699999999,43.416917999999995,At/near private drive,2,P.D. only,Thru lane,unknown,unknown,Other,Unknown,Daylight,01 - Daylight,Municipal (excl. Twp. Rd.),No control,unknown,0,0,0,False,False,False,Clear,,False,WEBSTER RD; WEBSTER RD ; Near,3/7/2019 1:09:22 PM,,
46499,17-099330,1494280740000,2017,5,8,21,59,0,Monday,539836.89816,4805543.27148,-80.50804099999999,43.40172,Non intersection,2,P.D. only,Thru lane,unknown,unknown,SMV unattended vehicle,Unknown,"Dark, artificial","08 - Dark, artificial",Municipal (excl. Twp. Rd.),No control,unknown,0,0,0,False,False,False,Clear,,False,COPPER LEAF CRES; MAX BECKER DR; Near; 200 M,3/7/2019 1:09:21 PM,,
46500,17-099687,1494330780000,2017,5,9,11,53,0,Tuesday,542177.95923,4811764.71463,-80.478651,43.457609999999995,At intersection,1,Non-fatal injury,Within intersection,unknown,unknown,Angle,Unknown,Daylight,01 - Daylight,Municipal (excl. Twp. Rd.),Stop sign,Functioning,0,1,0,False,False,False,Clear,,False,LOCUST ST; MANSION ST,3/7/2019 1:09:20 PM,,
46501,17-099696,1494019800000,2017,5,5,21,30,0,Friday,540823.89332,4809485.88838,-80.495558,43.437166999999995,At/near private drive,2,P.D. only,Right shoulder,unknown,unknown,SMV unattended vehicle,Unknown,"Dark, artificial","08 - Dark, artificial",Municipal (excl. Twp. Rd.),No control,unknown,0,0,0,False,False,False,"Fog, mist, smoke, dust",,False,ST CLAIR AVE; ST CLAIR AVE ; At,3/7/2019 1:09:19 PM,,
46502,17-099999,1494349200000,2017,5,9,17,0,0,Tuesday,541068.0,4811108.0,0.0,0.0,Non intersection,2,P.D. only,Off highway,unknown,unknown,SMV other,Unknown,Daylight,01 - Daylight,Municipal (excl. Twp. Rd.),Traffic controller,unknown,0,0,0,False,False,False,Clear,,False,MISTYWOOD ST; BLAIR CREEK DR ; Near; 10 M,3/7/2019 1:09:18 PM,,
46503,17-100364,1494402960000,2017,5,10,7,56,0,Wednesday,541068.0,4811108.0,0.0,0.0,At/near private drive,2,P.D. only,Thru lane,unknown,unknown,SMV unattended vehicle,Unknown,Daylight,01 - Daylight,Municipal (excl. Twp. Rd.),No control,unknown,0,0,0,False,False,False,Clear,,False,REDTAIL CRT; REDTAIL CRT ; At; 30 M,3/7/2019 1:09:17 PM,,
46504,17-100856,1494430200000,2017,5,10,15,30,0,Wednesday,541820.86941,4807480.06369,-80.48339299999999,43.419050999999996,Non intersection,2,P.D. only,Thru lane,unknown,unknown,Rear end,Unknown,Daylight,01 - Daylight,Municipal (excl. Twp. Rd.),No control,unknown,0,0,0,False,False,False,Clear,,False,STRASBURG RD; STRASBURG RD ; Near,3/7/2019 1:09:15 PM,,
46505,17-101018,1494451620000,2017,5,10,21,27,0,Wednesday,544558.65483,4811738.56641,-80.449227,43.457237,At intersection,2,P.D. only,Within intersection,unknown,unknown,Turning movement,Unknown,"Dark, artificial","08 - Dark, artificial",Municipal (excl. Twp. Rd.),Traffic signal,Functioning,0,0,0,False,False,False,Clear,,False,RIVER RD E; LORRAINE AVE,3/7/2019 1:09:14 PM,,
46506,17-101048,1494454920000,2017,5,10,22,22,0,Wednesday,542312.98958,4810288.84298,-80.477096,43.444314,At intersection,1,Non-fatal injury,Within intersection,unknown,unknown,Angle,Unknown,Dark,07 - Dark,Regional municipality,Traffic signal,Functioning,0,0,0,False,False,False,Clear,,False,STIRLING AVE N; KING ST E,3/7/2019 1:09:13 PM,,
46507,17-101339,1494498660000,2017,5,11,10,31,0,Thursday,541428.50642,4811057.52183,-80.487968,43.451284,Other,2,P.D. only,Not on roadway - right side,unknown,unknown,SMV other,Unknown,Daylight,01 - Daylight,Regional municipality,No control,unknown,0,0,0,False,False,False,Clear,,False,QUEEN ST N; WEBER ST W; Near; 80 M,3/7/2019 1:09:12 PM,,
46508,17-101424,1494503160000,2017,5,11,11,46,0,Thursday,540922.35314,4810569.31257,-80.49426,43.446915999999995,At intersection,2,P.D. only,Within intersection,unknown,unknown,Sideswipe,Unknown,Daylight,01 - Daylight,Municipal (excl. Twp. Rd.),Stop sign,Functioning,0,0,0,False,False,False,Clear,,False,JUBILEE DR ; DAVID ST,3/7/2019 1:09:10 PM,,
46509,17-101430,1494503940000,2017,5,11,11,59,0,Thursday,539655.8671,4809037.75735,-80.51002299999999,43.433194,Non intersection,1,Non-fatal injury,Thru lane,unknown,unknown,SMV other,Unknown,Daylight,01 - Daylight,Regional municipality,No control,unknown,0,0,0,True,False,False,Clear,,False,QUEENS BLVD ; WESTMOUNT RD W; 30 M,3/7/2019 1:09:09 PM,,
46510,17-101568,1494451200000,2017,5,10,21,20,0,Wednesday,543881.34048,4811418.60863,-80.457624,43.454395999999996,At/near private drive,2,P.D. only,Thru lane,unknown,unknown,SMV unattended vehicle,Unknown,Dark,07 - Dark,Municipal (excl. Twp. Rd.),No control,unknown,0,0,0,False,False,False,Clear,,False,KENWOOD DR; KENWOOD DR,3/7/2019 1:09:08 PM,,
46511,17-101625,1494417600000,2017,5,10,12,0,0,Wednesday,540689.02555,4809320.29554,-80.497237,43.435683,At/near private drive,2,P.D. only,Thru lane,unknown,unknown,SMV unattended vehicle,Unknown,Daylight,01 - Daylight,Municipal (excl. Twp. Rd.),No control,unknown,0,0,0,False,False,False,Clear,,False,PLEASANT AVE; PLEASANT AVE ; Near,3/7/2019 1:09:07 PM,,
46512,17-101690,1494522900000,2017,5,11,17,15,0,Thursday,543988.51962,4807775.43376,-80.456593,43.421586999999995,At intersection,1,Non-fatal injury,Within intersection,unknown,unknown,SMV other,Unknown,Daylight,01 - Daylight,Municipal (excl. Twp. Rd.),Stop sign,Functioning,0,0,0,True,False,False,Clear,,False,SIEBERT AVE ; VANIER DR,3/7/2019 1:09:06 PM,,
46513,17-101717,1494512280000,2017,5,11,14,18,0,Thursday,544097.83467,4804996.72944,-80.455467,43.396561,At/near private drive,2,P.D. only,Right shoulder,unknown,unknown,SMV unattended vehicle,Unknown,Daylight,01 - Daylight,Municipal (excl. Twp. Rd.),No control,unknown,0,0,0,False,False,False,Clear,,False,BIEHN DR; BIEHN DR,3/7/2019 1:09:05 PM,,
46514,17-101724,1494524940000,2017,5,11,17,49,0,Thursday,538629.06048,4806784.27769,-80.522869,43.412957,At/near private drive,2,P.D. only,Right shoulder,unknown,unknown,SMV unattended vehicle,Unknown,Daylight,01 - Daylight,Regional municipality,No control,unknown,0,0,0,False,False,False,Clear,,False,WINDFLOWER DR; WINDFLOWER DR; At; 11 M,3/7/2019 1:09:02 PM,,