OBJECTID,ACCIDENTNUM,ACCIDENTDATE,ACCIDENT_YEAR,ACCIDENT_MONTH,ACCIDENT_DAY,ACCIDENT_HOUR,ACCIDENT_MINUTE,ACCIDENT_SECOND,ACCIDENT_WEEKDAY,XCOORD,YCOORD,LONGITUDE,LATITUDE,ACCIDENTLOCATION,COLLISIONTYPE,CLASSIFICATIONOFACCIDENT,IMPACTLOCATION,INITIALDIRECTIONOFTRAVELONE,INITIALDIRECTIONOFTRAVELTWO,INITIALIMPACTTYPE,INTTRAFFICCONTROL,LIGHT,LIGHTFORREPORT,ROADJURISDICTION,TRAFFICCONTROL,TRAFFICCONTROLCONDITION,THRULANENO,NORTHBOUNDDISOBEYCOUNT,SOUTHBOUNDDISOBEYCOUNT,PEDESTRIANINVOLVED,CYCLISTINVOLVED,MOTORCYCLISTINVOLVED,ENVIRONMENTCONDITION1,ENVIRONMENTCONDITION2,SELFREPORTED,XMLIMPORTNOTES,LASTEDITEDDATE,CREATE_BY,CREATE_DATE
46653,17-140991,1498486500000,2017,6,26,14,15,0,Monday,543598.14905,4808403.15319,-80.461365,43.427261,Intersection related,2,P.D. only,Thru lane,unknown,unknown,Turning movement,Unknown,Daylight,01 - Daylight,Municipal (excl. Twp. Rd.),Stop sign,Functioning,0,0,0,False,False,False,Clear,,False,MASSEY AVE; BONIFACE AVE; At,3/7/2019 1:06:20 PM,,
46654,17-141366,1498557840000,2017,6,27,10,4,0,Tuesday,543086.67941,4807454.79435,-80.467759,43.418752,At intersection,2,P.D. only,Within intersection,unknown,unknown,Rear end,Unknown,Daylight,01 - Daylight,Municipal (excl. Twp. Rd.),Yield sign,Functioning,0,0,0,False,False,False,Rain,,False,FALLOWFIELD DR; BLOCK LINE RD,3/7/2019 1:06:19 PM,,
46655,17-141540,1498572420000,2017,6,27,14,7,0,Tuesday,546774.70395,4804112.16399,-80.422489,43.388434,At intersection,1,Non-fatal injury,Within intersection,unknown,unknown,Angle,Unknown,Daylight,01 - Daylight,Municipal (excl. Twp. Rd.),Stop sign,Functioning,0,0,0,False,True,False,Clear,,False,DOON VILLAGE RD; DOON SOUTH DR,3/7/2019 1:06:18 PM,,
46656,17-141586,1498497000000,2017,6,26,17,10,0,Monday,539832.02209,4811141.70965,-80.507693,43.452129,Intersection related,2,P.D. only,Thru lane,unknown,unknown,Rear end,Unknown,Daylight,01 - Daylight,Municipal (excl. Twp. Rd.),Traffic signal,Functioning,0,0,0,False,False,False,Clear,,False,PARK ST; DOMINION ST ; Near; 85 M,3/7/2019 1:06:17 PM,,
46657,17-141709,1498587000000,2017,6,27,18,10,0,Tuesday,545545.28402,4805410.10229,-80.43755999999999,43.400196,Non intersection,2,P.D. only,Thru lane,unknown,unknown,SMV other,Unknown,Daylight,01 - Daylight,Municipal (excl. Twp. Rd.),No control,unknown,0,0,0,False,False,False,Clear,,False,HURON RD; HURON RD ; 10 M,3/7/2019 1:06:16 PM,,
46658,17-142029,1498634640000,2017,6,28,7,24,0,Wednesday,541139.96787,4806763.50162,-80.491857,43.412637,At intersection,2,P.D. only,Within intersection,unknown,unknown,SMV other,Unknown,Daylight,01 - Daylight,Regional municipality,Stop sign,Functioning,0,0,0,False,False,False,Clear,,False,BLOCK LINE RD; LAURENTIAN DR; 3 M,3/7/2019 1:06:15 PM,,
46659,17-142207,1498642200000,2017,6,28,9,30,0,Wednesday,541372.29511,4812798.22273,-80.48853,43.466961,At/near private drive,2,Non-reportable,Thru lane,unknown,unknown,Other,Unknown,Daylight,01 - Daylight,Municipal (excl. Twp. Rd.),No control,unknown,0,0,0,False,False,False,Clear,,False,EDWIN ST; EDWIN ST,3/7/2019 1:06:14 PM,,
46660,17-142532,1498672500000,2017,6,28,17,55,0,Wednesday,539111.85757,4811656.15344,-80.516556,43.456799,At intersection,2,P.D. only,Within intersection,unknown,unknown,Sideswipe,Unknown,Daylight,01 - Daylight,Municipal (excl. Twp. Rd.),Traffic signal,Functioning,0,0,0,False,False,False,Clear,,False,PARK ST; UNION BLVD,3/7/2019 1:06:12 PM,,
46661,17-143275,1498741200000,2017,6,29,13,0,0,Thursday,540921.38573,4810570.26492,-80.494272,43.446925,Intersection related,2,P.D. only,Thru lane,unknown,unknown,Rear end,Unknown,Daylight,01 - Daylight,Municipal (excl. Twp. Rd.),Stop sign,Functioning,0,0,0,False,False,False,Rain,,False,JUBILEE DR; DAVID ST; Near,3/7/2019 1:06:11 PM,,
46662,17-144022,1498829640000,2017,6,30,13,34,0,Friday,544311.68256,4808987.81058,-80.452503,43.432483999999995,Non intersection,2,P.D. only,Thru lane,unknown,unknown,Other,Unknown,Daylight,01 - Daylight,Municipal (excl. Twp. Rd.),No control,unknown,0,0,0,False,False,False,Clear,,False,FIFTH AVE; CONNAUGHT ST ; Near; 200 M,3/7/2019 1:06:10 PM,,
46663,17-144116,1498835640000,2017,6,30,15,14,0,Friday,544448.47295,4811317.7288,-80.450623,43.453454,Non intersection,2,P.D. only,Thru lane,unknown,unknown,Rear end,Unknown,Daylight,01 - Daylight,Municipal (excl. Twp. Rd.),No control,unknown,0,0,0,False,False,False,Clear,,False,HICKSON DR; HALLIWELL DR ; Near; 50 M,3/7/2019 1:06:09 PM,,
46664,17-144308,1498845600000,2017,6,30,18,0,0,Friday,540115.55876,4810838.69444,-80.504211,43.449386,At/near private drive,2,P.D. only,Not on roadway - right side,unknown,unknown,SMV other,Unknown,Daylight,01 - Daylight,Municipal (excl. Twp. Rd.),Stop sign,Functioning,0,0,0,False,False,False,Clear,,False,PARK ST; PARK ST ; At; 1 M,3/7/2019 1:06:08 PM,,
46665,17-144646,1498880820000,2017,7,1,3,47,0,Saturday,541710.00251,4810677.26134,-80.484518,43.447845,At/near private drive,2,P.D. only,Right shoulder,unknown,unknown,SMV other,Unknown,"Dawn, artificial","04 - Dawn, artificial",Municipal (excl. Twp. Rd.),No control,unknown,0,0,0,False,False,False,Clear,,False,EBY ST N; KING ST E; 1 M,3/7/2019 1:06:07 PM,,
46666,17-145287,1498950120000,2017,7,1,23,2,0,Saturday,541583.83854,4812033.98371,-80.485974,43.460068,Non intersection,2,P.D. only,Thru lane,unknown,unknown,SMV unattended vehicle,Unknown,Dark,07 - Dark,Municipal (excl. Twp. Rd.),No control,unknown,0,0,0,False,False,False,Clear,,False,WELLINGTON ST N; WELLINGTON ST N; Near; 1 M,3/7/2019 1:06:06 PM,,
46667,17-145494,1498977120000,2017,7,2,6,32,0,Sunday,544436.17892,4808718.483,-80.450986,43.430051,Intersection related,2,P.D. only,Not on roadway - right side,unknown,unknown,SMV other,Unknown,Daylight,01 - Daylight,Municipal (excl. Twp. Rd.),Stop sign,Functioning,0,0,0,False,False,False,Clear,,False,CONNAUGHT ST; FRANKLIN ST S; Near; 1 M,3/7/2019 1:06:05 PM,,
46668,17-145596,1498932000000,2017,7,1,18,0,0,Saturday,543636.54075,4808688.18829,-80.46086799999999,43.429826,Other,2,P.D. only,Off highway,unknown,unknown,SMV unattended vehicle,Unknown,Daylight,01 - Daylight,Private property,No control,unknown,0,0,0,False,False,False,Clear,,False,PRIVATE DRIVE; BONIFACE AVE E; Near,3/7/2019 1:06:04 PM,,
46669,17-145687,1499003460000,2017,7,2,13,51,0,Sunday,541068.0,4811108.0,0.0,0.0,Other,1,Non-fatal injury,Off highway,unknown,unknown,SMV other,Unknown,Daylight,01 - Daylight,Municipal (excl. Twp. Rd.),No control,unknown,0,0,0,False,False,False,Clear,,False,GOODRICH DR; WABANAKI DR; At,3/7/2019 1:06:03 PM,,
46670,17-146357,1499079600000,2017,7,3,11,0,0,Monday,544501.65613,4811064.82068,-80.449986,43.451173999999995,At/near private drive,2,P.D. only,Thru lane,unknown,unknown,Other,Unknown,Daylight,01 - Daylight,Municipal (excl. Twp. Rd.),No control,unknown,0,0,0,False,False,False,Clear,,False,CHARLOTTE CRES; CHARLOTTE CRES,3/7/2019 1:06:02 PM,,
46671,17-147044,1499162700000,2017,7,4,10,5,0,Tuesday,538755.71573,4807833.24052,-80.52123,43.422396,Non intersection,2,P.D. only,Right shoulder,unknown,unknown,SMV other,Unknown,Daylight,01 - Daylight,Municipal (excl. Twp. Rd.),No control,unknown,0,0,0,False,False,False,Clear,,False,ELM RIDGE DR ; MCGARRY DR ; At; 75 M,3/7/2019 1:06:01 PM,,
46672,17-147159,1499168700000,2017,7,4,11,45,0,Tuesday,543074.27314,4812796.58953,-80.46749,43.46685,Intersection related,2,P.D. only,Thru lane,unknown,unknown,Rear end,Unknown,Daylight,01 - Daylight,Regional municipality,Traffic signal,Functioning,0,0,0,False,False,False,Clear,,False,BINGEMANS CENTRE DR ; RIVERBEND DR,3/7/2019 1:05:59 PM,,
46673,17-147278,1499068800000,2017,7,3,8,0,0,Monday,546397.60083,4802847.46327,-80.427252,43.377069999999996,Non intersection,2,P.D. only,Thru lane,unknown,unknown,SMV unattended vehicle,Unknown,Daylight,01 - Daylight,Municipal (excl. Twp. Rd.),No control,unknown,0,0,0,False,False,False,Clear,,False,ROBERT FERRIE DR; ROBERT FERRIE DR; Near,3/7/2019 1:05:58 PM,,
46674,17-147333,1498861800000,2017,6,30,22,30,0,Friday,538123.35715,4809070.16149,-80.528955,43.433566,Intersection related,2,P.D. only,Thru lane,unknown,unknown,SMV unattended vehicle,Unknown,Dark,07 - Dark,Municipal (excl. Twp. Rd.),Stop sign,Functioning,0,0,0,False,False,False,Clear,,False,BENESFORT CRES; BENESFORT DR,3/7/2019 1:05:57 PM,,
46675,17-147491,1499196000000,2017,7,4,19,20,0,Tuesday,547729.17714,4804246.87289,-80.410693,43.389587,Non intersection,1,Non-fatal injury,Thru lane,unknown,unknown,SMV other,Unknown,Daylight,01 - Daylight,Municipal (excl. Twp. Rd.),No control,unknown,0,0,0,False,False,True,Clear,,False,CONESTOGA COLLEGE BLVD ; DOON VALLEY DR ; Near; 149 M,3/7/2019 1:05:55 PM,,
46676,17-147504,1499189700000,2017,7,4,17,35,0,Tuesday,536970.77228,4807160.37749,-80.543325,43.416427999999996,Non intersection,2,P.D. only,Thru lane,unknown,unknown,Sideswipe,Unknown,Daylight,01 - Daylight,Municipal (excl. Twp. Rd.),No control,unknown,0,0,0,False,False,False,Clear,,False,HIGHVIEW DR; HIGHVIEW DR; Near,3/7/2019 1:05:54 PM,,
46677,17-147856,1499179500000,2017,7,4,14,45,0,Tuesday,537053.27053,4807471.48034,-80.54228499999999,43.419225,At/near private drive,2,P.D. only,Right shoulder,unknown,unknown,SMV unattended vehicle,Unknown,Daylight,01 - Daylight,Municipal (excl. Twp. Rd.),No control,unknown,0,0,0,False,False,False,Clear,,False,BROKEN OAK CRES; BROKEN OAK CRES; Near,3/7/2019 1:05:52 PM,,
46678,17-147895,1499171400000,2017,7,4,12,30,0,Tuesday,541967.90265,4810650.79644,-80.48133299999999,43.447592,At/near private drive,2,P.D. only,Not on roadway - right side,unknown,unknown,SMV unattended vehicle,Unknown,Daylight,01 - Daylight,Municipal (excl. Twp. Rd.),No control,unknown,0,0,0,False,False,False,Clear,,False,MADISON AVE N; MADISON AVE N,3/7/2019 1:05:51 PM,,
46679,17-147955,1499256420000,2017,7,5,12,7,0,Wednesday,540269.86737,4811637.35886,-80.502245,43.456568999999995,At intersection,1,Non-fatal injury,Within intersection,unknown,unknown,Turning movement,Unknown,Daylight,01 - Daylight,Municipal (excl. Twp. Rd.),Stop sign,Functioning,0,0,0,False,False,False,Clear,,False,MOORE AVE; SHANLEY ST,3/7/2019 1:05:50 PM,,
46680,17-148089,1499195700000,2017,7,4,19,15,0,Tuesday,539524.33903,4806797.77424,-80.51181,43.413032,Non intersection,2,P.D. only,Thru lane,unknown,unknown,SMV unattended vehicle,Unknown,Daylight,01 - Daylight,Municipal (excl. Twp. Rd.),No control,unknown,0,0,0,False,False,False,Clear,,False,GREY FOX DR; GREY FOX DR ; Near,3/7/2019 1:05:49 PM,,
46681,17-148145,1499254200000,2017,7,5,11,30,0,Wednesday,540128.12745,4810827.27099,-80.50405599999999,43.449282,Non intersection,2,P.D. only,Thru lane,unknown,unknown,Rear end,Unknown,Daylight,01 - Daylight,Municipal (excl. Twp. Rd.),No control,unknown,0,0,0,False,False,False,Clear,,False,PARK ST; PARK ST ; Near,3/7/2019 1:05:48 PM,,
46682,17-148939,1499345160000,2017,7,6,12,46,0,Thursday,546536.88626,4805000.30978,-80.42535,43.396445,Non intersection,1,Non-fatal injury,Thru lane,unknown,unknown,SMV other,Unknown,Daylight,01 - Daylight,Municipal (excl. Twp. Rd.),No control,unknown,0,0,0,False,False,True,Clear,,False,MILL PARK DR ; GREEN VALLEY DR ; Near; 42 M,3/7/2019 1:05:47 PM,,
46683,17-149049,1499344200000,2017,7,6,12,30,0,Thursday,544610.39708,4809093.17086,-80.448803,43.433415,Intersection related,2,P.D. only,Left turn lane,unknown,unknown,Rear end,Unknown,Daylight,01 - Daylight,Regional municipality,Traffic signal,Functioning,0,0,0,False,False,False,Clear,,False,KINGSWAY DR; FRANKLIN ST S,3/7/2019 1:05:46 PM,,
46684,17-149164,1499358000000,2017,7,6,16,20,0,Thursday,545084.25087,4811726.53762,-80.442731,43.457097,At intersection,2,P.D. only,Within intersection,unknown,unknown,Turning movement,Unknown,Daylight,01 - Daylight,Municipal (excl. Twp. Rd.),Stop sign,Functioning,0,0,0,False,False,False,Clear,,False,HUDSON CRES; MONTCALM DR,3/7/2019 1:05:45 PM,,
46685,17-149614,1499412000000,2017,7,7,7,20,0,Friday,549518.65342,4806193.80625,-80.388424,43.407001,At/near private drive,2,P.D. only,Thru lane,unknown,unknown,Turning movement,Unknown,Daylight,01 - Daylight,Municipal (excl. Twp. Rd.),No control,unknown,0,0,0,False,False,False,Clear,,False,GATEWAY PARK DR; GATEWAY PARK DR ; Near,3/7/2019 1:05:44 PM,,
46686,17-150047,1499396400000,2017,7,7,3,0,0,Friday,539880.18469,4805709.42054,-80.507494,43.403214,At/near private drive,2,P.D. only,Right shoulder,unknown,unknown,SMV unattended vehicle,Unknown,Dark,07 - Dark,Municipal (excl. Twp. Rd.),No control,unknown,0,0,0,False,False,False,Clear,,False,COPPER LEAF CRES; COPPER LEAF CRES ; At; 8 M,3/7/2019 1:05:43 PM,,
46687,17-150057,1499422500000,2017,7,7,10,15,0,Friday,546252.53155,4808800.61286,-80.428539,43.430681,At/near private drive,2,P.D. only,Thru lane,unknown,unknown,SMV unattended vehicle,Unknown,Daylight,01 - Daylight,Municipal (excl. Twp. Rd.),No control,unknown,0,0,0,False,False,False,Clear,,False,WINDOM RD; WINDOM RD ; Near,3/7/2019 1:05:42 PM,,
46688,17-150788,1499520960000,2017,7,8,13,36,0,Saturday,541151.60672,4810169.21463,-80.491457,43.443301,At/near private drive,2,P.D. only,Thru lane,unknown,unknown,SMV unattended vehicle,Unknown,Daylight,01 - Daylight,Municipal (excl. Twp. Rd.),No control,unknown,0,0,0,False,False,False,Clear,,False,WHITNEY PL; 31 WHITNEY PL; Near; 100 M,3/7/2019 1:05:41 PM,,
46689,17-150848,1499521800000,2017,7,8,13,50,0,Saturday,541181.39415,4810692.239,-80.49104899999999,43.448009,Intersection related,2,P.D. only,Thru lane,unknown,unknown,Turning movement,Unknown,Daylight,01 - Daylight,Regional municipality,Traffic signal,Functioning,0,0,0,False,False,False,Clear,,False,QUEEN ST S; JOSEPH ST,3/7/2019 1:05:40 PM,,
46690,17-150913,1499526000000,2017,7,8,15,0,0,Saturday,541266.57263,4812423.3286,-80.48986599999999,43.463591,At/near private drive,2,P.D. only,Right shoulder,unknown,unknown,SMV unattended vehicle,Unknown,Daylight,01 - Daylight,Municipal (excl. Twp. Rd.),No control,unknown,0,0,0,False,False,False,Clear,,False,BLUCHER ST; BLUCHER ST; Near,3/7/2019 1:05:39 PM,,
46691,17-150927,1499532600000,2017,7,8,16,50,0,Saturday,541113.48917,4810747.50745,-80.491884,43.44851,At intersection,1,Non-fatal injury,Within intersection,unknown,unknown,SMV other,Unknown,Daylight,01 - Daylight,Regional municipality,Stop sign,Functioning,0,0,0,True,False,False,Clear,,False,JOSEPH ST; ONTARIO ST S,3/7/2019 1:05:38 PM,,
46692,17-151637,1499535000000,2017,7,8,17,30,0,Saturday,540796.83231,4806153.56507,-80.496141,43.407163999999995,Non intersection,2,P.D. only,Right shoulder,unknown,unknown,SMV unattended vehicle,Unknown,Daylight,01 - Daylight,Municipal (excl. Twp. Rd.),No control,unknown,0,0,0,False,False,False,Clear,,False,ERINBROOK DR; ERINBROOK DR ; Near,3/7/2019 1:05:37 PM,,
46693,17-152369,1499689380000,2017,7,10,12,23,0,Monday,541448.8218,4812106.01077,-80.48763699999999,43.460724,At intersection,1,Non-fatal injury,Within intersection,unknown,unknown,Angle,Unknown,Daylight,01 - Daylight,Municipal (excl. Twp. Rd.),Stop sign,Functioning,0,0,0,False,False,False,Clear,,False,ST LEGER ST; LOUISA ST,3/7/2019 1:05:36 PM,,
46694,17-152566,1499703420000,2017,7,10,16,17,0,Monday,541175.04918,4808250.98327,-80.491312,43.426027999999995,Non intersection,2,P.D. only,Thru lane,unknown,unknown,Rear end,Unknown,Daylight,01 - Daylight,Municipal (excl. Twp. Rd.),No control,unknown,0,0,0,False,False,False,Rain,,False,STRASBURG RD ; CHANDLER DR ; 10 M,3/7/2019 1:05:35 PM,,
46695,17-153545,1499785500000,2017,7,11,15,5,0,Tuesday,539316.80061,4810614.45239,-80.51409799999999,43.447409,Intersection related,2,P.D. only,Thru lane,unknown,unknown,Rear end,Unknown,Daylight,01 - Daylight,Regional municipality,Traffic signal,Functioning,0,0,0,False,False,False,Clear,,False,GAGE AVE; BELMONT AVE W,3/7/2019 1:05:34 PM,,
46696,17-153965,1499846400000,2017,7,12,8,0,0,Wednesday,546873.35614,4811282.71329,-80.420656,43.452991,At/near private drive,2,P.D. only,Thru lane,unknown,unknown,Other,Unknown,Daylight,01 - Daylight,Municipal (excl. Twp. Rd.),No control,unknown,0,0,0,False,False,False,Clear,,False,JANET CRT; JANET CRT; At,3/7/2019 1:05:33 PM,,
46697,17-154239,1498756500000,2017,6,29,17,15,0,Thursday,543070.37098,4805497.54604,-80.468114,43.401129999999995,Intersection related,2,P.D. only,Right turn lane,unknown,unknown,Rear end,Unknown,Daylight,01 - Daylight,Municipal (excl. Twp. Rd.),Stop sign,Functioning,0,0,0,False,False,False,Clear,,False,TRILLIUM DR; STRASBURG RD,3/7/2019 1:05:32 PM,,
46698,17-154375,1499882400000,2017,7,12,18,0,0,Wednesday,541182.36744,4810690.32853,-80.491038,43.447992,Intersection related,1,Non-fatal injury,Thru lane,unknown,unknown,Rear end,Unknown,Daylight,01 - Daylight,Municipal (excl. Twp. Rd.),Traffic signal,Functioning,0,0,0,False,False,False,Clear,,False,QUEEN ST S; JOSEPH ST; At,3/7/2019 1:05:31 PM,,
46699,17-154574,1499901240000,2017,7,12,23,14,0,Wednesday,542010.14552,4810483.28428,-80.480823,43.446082,At intersection,2,P.D. only,Within intersection,unknown,unknown,Angle,Unknown,Dark,07 - Dark,Regional municipality,Stop sign,Functioning,0,1,0,False,False,False,Clear,,False,KING ST E; CAMERON ST N,3/7/2019 1:05:30 PM,,
46700,17-154861,1499875800000,2017,7,12,16,10,0,Wednesday,542089.28118,4811447.39843,-80.479771,43.454758,Intersection related,2,P.D. only,Thru lane,unknown,unknown,Rear end,Unknown,Daylight,01 - Daylight,Regional municipality,Stop sign,Functioning,0,0,0,False,False,False,Clear,,False,FREDERICK ST; SAMUEL ST; At,3/7/2019 1:05:28 PM,,
46701,17-154906,1499933700000,2017,7,13,8,15,0,Thursday,540936.8469,4810557.90182,-80.49408199999999,43.446813,Non intersection,2,P.D. only,Thru lane,unknown,unknown,Angle,Unknown,Daylight,01 - Daylight,Regional municipality,No control,unknown,0,0,0,False,False,False,Clear,,False,COURTLAND AVE W; DAVID ST; Near,3/7/2019 1:05:27 PM,,
46702,17-155170,1499964300000,2017,7,13,16,45,0,Thursday,539832.02209,4811141.70965,-80.507693,43.452129,Intersection related,2,P.D. only,Thru lane,unknown,unknown,Rear end,Unknown,Daylight,01 - Daylight,Municipal (excl. Twp. Rd.),Traffic signal,Functioning,0,0,0,False,False,False,Rain,,False,PARK ST; DOMINION ST; Near,3/7/2019 1:05:26 PM,,
46703,17-155956,1499888400000,2017,7,12,19,40,0,Wednesday,542048.40017,4812925.41069,-80.48016199999999,43.468067999999995,At/near private drive,2,P.D. only,Thru lane,unknown,unknown,SMV unattended vehicle,Unknown,Daylight,01 - Daylight,Municipal (excl. Twp. Rd.),No control,unknown,0,0,0,False,False,False,Clear,,False,MAPLE AVE; MAPLE AVE ; Near,3/7/2019 1:05:25 PM,,
46704,17-155962,1499720400000,2017,7,10,21,0,0,Monday,541068.0,4811108.0,0.0,0.0,Non intersection,2,P.D. only,Thru lane,unknown,unknown,SMV unattended vehicle,Unknown,"Dark, artificial","08 - Dark, artificial",Municipal (excl. Twp. Rd.),No control,unknown,0,0,0,False,False,False,Clear,,False,ARBOURVIEW CRES; ARBOURVIEW CRES; At,3/7/2019 1:05:24 PM,,
46705,17-156004,1500051240000,2017,7,14,16,54,0,Friday,542108.4248,4807128.2044,-80.479868,43.415867,Intersection related,2,P.D. only,Thru lane,unknown,unknown,Rear end,Unknown,Daylight,01 - Daylight,Regional municipality,Traffic signal,Functioning,0,0,0,False,False,False,Clear,,False,STRASBURG RD ; BLOCK LINE RD ; At; 20 M,3/7/2019 1:05:22 PM,,
46706,17-156642,1500071400000,2017,7,14,22,30,0,Friday,546043.85093,4809621.79277,-80.43104799999999,43.438088,At/near private drive,2,P.D. only,Thru lane,unknown,unknown,SMV unattended vehicle,Unknown,"Dark, artificial","08 - Dark, artificial",Municipal (excl. Twp. Rd.),No control,unknown,0,0,0,False,False,False,Clear,,False,VERONICA DR; VERONICA DR,3/7/2019 1:05:21 PM,,
46707,17-156734,1500120780000,2017,7,15,12,13,0,Saturday,541068.0,4811108.0,0.0,0.0,At/near private drive,2,P.D. only,Not on roadway - right side,unknown,unknown,SMV unattended vehicle,Unknown,Daylight,01 - Daylight,Private property,No control,unknown,0,0,0,False,False,False,Clear,,False,DRIVEWAY; OLIVIA ST ; At; 8 M,3/7/2019 1:05:20 PM,,
46708,17-156902,1500117300000,2017,7,15,11,15,0,Saturday,536585.85391,4806744.8888,-80.548108,43.412704999999995,Non intersection,2,P.D. only,Thru lane,unknown,unknown,SMV unattended vehicle,Unknown,Daylight,01 - Daylight,Municipal (excl. Twp. Rd.),No control,unknown,0,0,0,False,False,False,Clear,,False,HODDLE CRES; HODDLE CRES; At; 4 M,3/7/2019 1:05:18 PM,,
46709,17-156917,1500132600000,2017,7,15,15,30,0,Saturday,544845.90189,4810495.77066,-80.44577799999999,43.44603,At/near private drive,2,P.D. only,Right shoulder,unknown,unknown,SMV unattended vehicle,Unknown,Daylight,01 - Daylight,Municipal (excl. Twp. Rd.),No control,unknown,0,0,0,False,False,False,Clear,,False,MIDLAND DR; MIDLAND DR ; At,3/7/2019 1:05:17 PM,,
46710,17-157597,1500129000000,2017,7,15,14,30,0,Saturday,541266.16647,4810180.57431,-80.49004,43.443397,At/near private drive,2,P.D. only,Thru lane,unknown,unknown,Other,Unknown,Daylight,01 - Daylight,Municipal (excl. Twp. Rd.),Stop sign,Functioning,0,0,0,False,False,False,Clear,,False,PETER ST; PETER ST ; At,3/7/2019 1:05:16 PM,,
46711,17-157672,1500052800000,2017,7,14,17,20,0,Friday,540618.92158,4810957.2268,-80.497981,43.450426,At intersection,2,P.D. only,Within intersection,unknown,unknown,Turning movement,Unknown,Daylight,01 - Daylight,Municipal (excl. Twp. Rd.),Stop sign,Functioning,0,0,0,False,False,False,Clear,,False,JOSEPH ST; LINDEN AVE,3/7/2019 1:05:15 PM,,
46712,17-157692,1500210900000,2017,7,16,13,15,0,Sunday,540588.21375,4810381.08051,-80.498403,43.44524,Non intersection,2,P.D. only,Thru lane,unknown,unknown,Other,Unknown,Daylight,01 - Daylight,Municipal (excl. Twp. Rd.),No control,unknown,0,0,0,False,False,False,Clear,,False,SCHNEIDER AVE; DAVID ST; Near,3/7/2019 1:05:14 PM,,
46713,17-158209,1500282300000,2017,7,17,9,5,0,Monday,542982.85472,4812756.18075,-80.46862399999999,43.466491999999995,Non intersection,2,P.D. only,Thru lane,unknown,unknown,Rear end,Unknown,Daylight,01 - Daylight,Municipal (excl. Twp. Rd.),No control,unknown,0,0,0,False,False,False,Clear,,False,SHIRLEY AVE; WELLINGTON RD; 100 M,3/7/2019 1:05:13 PM,,
46714,17-158692,1500322200000,2017,7,17,20,10,0,Monday,539216.87563,4805534.85757,-80.515698,43.401677,At/near private drive,1,Non-fatal injury,Thru lane,unknown,unknown,SMV other,Unknown,Dusk,05 - Dusk,Regional municipality,No control,unknown,0,0,0,False,False,False,Clear,,False,HENHOEFFER CRES; HENHOEFFER CRES ; Near; 0 M,3/7/2019 1:05:12 PM,,
46715,17-158711,1500326100000,2017,7,17,21,15,0,Monday,544884.10982,4804848.32313,-80.44577,43.395178,At intersection,1,Non-fatal injury,Within intersection,unknown,unknown,Turning movement,Unknown,"Dark, artificial","08 - Dark, artificial",Municipal (excl. Twp. Rd.),Traffic signal,Functioning,0,0,0,False,False,False,Clear,,False,PIONEER DR; DOON VILLAGE RD,3/7/2019 1:05:11 PM,,
46716,17-159165,1500377400000,2017,7,18,11,30,0,Tuesday,545107.64505,4807726.63452,-80.442773,43.421081,Non intersection,2,P.D. only,Thru lane,unknown,unknown,Sideswipe,Unknown,Daylight,01 - Daylight,Municipal (excl. Twp. Rd.),No control,unknown,0,0,0,False,False,False,Clear,,False,WILSON AVE; FAIRWAY RD S; Near,3/7/2019 1:05:09 PM,,
46717,17-159314,1500390000000,2017,7,18,15,0,0,Tuesday,540928.72824,4806983.77662,-80.49445,43.414632,Non intersection,2,P.D. only,Thru lane,unknown,unknown,SMV unattended vehicle,Unknown,Daylight,01 - Daylight,Municipal (excl. Twp. Rd.),No control,unknown,0,0,0,False,False,False,Clear,,False,BRIARGATE DR; BRIARGATE DR; At,3/7/2019 1:05:07 PM,,
46718,17-159429,1499320800000,2017,7,6,6,0,0,Thursday,541852.74761,4803513.07179,-80.483302,43.38333,At intersection,2,P.D. only,Within intersection,unknown,unknown,Angle,Unknown,Daylight,01 - Daylight,Regional municipality,Yield sign,Functioning,0,0,0,False,False,False,Clear,,False,HURON RD; WOODBINE AVE,3/7/2019 1:05:06 PM,,
46719,17-160025,1500469320000,2017,7,19,13,2,0,Wednesday,547122.51575,4808324.18407,-80.41783199999999,43.426337,At/near private drive,2,P.D. only,Thru lane,unknown,unknown,SMV unattended vehicle,Unknown,Daylight,01 - Daylight,Regional municipality,No control,unknown,0,0,0,False,False,False,Clear,,False,PRIVATE DRIVE; MANOR DR; At; 5 M,3/7/2019 1:05:04 PM,,
46720,17-160744,1500543000000,2017,7,20,9,30,0,Thursday,539577.91203,4811443.70452,-80.51081099999999,43.454862,At/near private drive,2,Non-reportable,Thru lane,unknown,unknown,Turning movement,Unknown,Daylight,01 - Daylight,Municipal (excl. Twp. Rd.),No control,unknown,0,0,0,False,False,False,Clear,,False,GREEN ST; GREEN ST,3/7/2019 1:05:03 PM,,
46721,17-160814,1500528600000,2017,7,20,5,30,0,Thursday,538348.27401,4808176.7212,-80.52623899999999,43.425509999999996,Non intersection,2,P.D. only,Thru lane,unknown,unknown,SMV unattended vehicle,Unknown,"Dark, artificial","08 - Dark, artificial",Municipal (excl. Twp. Rd.),No control,unknown,0,0,0,False,False,False,Clear,,False,ELM RIDGE DR; ELM RIDGE DR,3/7/2019 1:05:02 PM,,
46722,17-160844,1500556800000,2017,7,20,13,20,0,Thursday,538374.60815,4807497.7883,-80.525961,43.419395,At/near private drive,2,P.D. only,Thru lane,unknown,unknown,Other,Unknown,Daylight,01 - Daylight,Municipal (excl. Twp. Rd.),No control,unknown,0,0,0,False,False,False,Clear,,False,MEADOWLANE DR; MEADOWLANE DR,3/7/2019 1:05:01 PM,,